,A,B,C,D
2000-01-01,0.9851115448340322,0.25508793855685924,1.5940885642803957,-0.2591756036827423
2000-01-02,-0.6335456954047316,0.6540067155603335,1.243483109503272,1.263846191636678
2000-01-03,-2.7255331761483124,0.5401859550727802,0.5829092279439477,-0.6565523905345807
2000-01-04,-1.703382153550413,0.33542227287043547,-0.39629106529797276,0.6329253330686082
2000-01-05,-0.47548668664560756,1.064679294086267,-1.5712473321777052,-0.06225330524410311
2000-01-06,0.7529302996185432,-0.5931987393176821,-1.2621099125743673,2.685857779688565
2000-01-07,0.45133740651051973,-0.09825124859842183,-1.0963588352804718,1.3582689405120183
2000-01-08,-0.69939514953828,1.8815542057533423,-0.3456878575971396,0.633769486893667
2000-01-09,0.4708826322393458,1.5822854413796907,-1.3824687422156388,1.3646958168940015
2000-01-10,1.1657258739764393,1.9223874768956772,-1.6730010232855943,2.2425285439332563
2000-01-11,-0.6294985127766699,0.8859056594104304,-1.7263262426098225,1.3831500829299879
2000-01-12,-0.9971264263791068,0.1701665293467488,-2.2320975401268774,2.0575061440279807
2000-01-13,-1.0830941708699027,0.5485594391833268,-3.0369539846373144,2.076979385814413
2000-01-14,-2.7758975806492963,0.5170524889104431,-3.930536578787845,0.9378802674470867
2000-01-15,-3.366424695202895,0.11459911461952338,-5.8927948063248285,0.05142924419945394
2000-01-16,-4.694765850503007,0.1296850233735262,-6.1947390087707515,0.4982532055862982
2000-01-17,-5.218016794036822,0.07140346867863788,-6.023891774159007,0.299224043713459
2000-01-18,-3.030207271554658,0.6036498083210705,-4.327833319831617,0.676918516788334
2000-01-19,-4.063600148355044,-0.15089783845918803,-5.814350324029006,1.3697361551668004
2000-01-20,-4.500509256996255,1.051133551277775,-4.847311086310991,2.0963134547379907
2000-01-21,-4.257420553268885,-1.3253397419060384,-5.453920780889854,1.3760993748630157
2000-01-22,-3.3773213994153526,-2.0235518138292234,-5.211895190861173,0.19905292508663197
2000-01-23,-3.7895944183239805,-0.6802408070833645,-6.378827137169965,-1.4055757528574027
2000-01-24,-3.1895835042546175,-2.0890430586969204,-6.879959816192388,-0.7357049467220071
2000-01-25,-4.068814503867706,-3.919646942391098,-6.892367823098087,-1.5413117794977365
2000-01-26,-3.6130496176856446,-2.528845002517228,-6.0845389794744875,-1.6200881368156654
2000-01-27,-4.030300394624075,-1.1248265602094942,-5.704732110262787,-1.2533651678866577
2000-01-28,-4.162123303103927,-0.1343339383346689,-7.34709249299882,-1.4293974131599643
2000-01-29,-4.031068043350553,-0.0193321261665005,-7.315255843316815,-2.146526359922489
2000-01-30,-3.732093430116723,-0.3600217810238747,-6.749569656364626,-0.893380468945929
2000-01-31,-4.218930942974778,-1.1676290102388025,-7.4613928925452795,-0.11933076571071355
2000-02-01,-3.260684302594389,-0.11176235055473649,-8.865797832063821,-0.25073179580284083
2000-02-02,-3.047875695951168,-0.4990625904178671,-9.791538992322069,-1.9589923580197706
2000-02-03,-2.431145055283677,0.03375902040556905,-10.327904857458192,-1.5132713697469002
2000-02-04,-3.8333117349486727,-0.8885812667657087,-9.82630704638576,-0.03831050243966749
2000-02-05,-4.977750133004945,-1.5940446530995236,-9.177677585517376,0.7315722065893487
2000-02-06,-4.855578637655572,-1.5664685415825015,-7.715863917358362,1.7997689227514395
2000-02-07,-4.576824445254593,-0.7177181051406272,-8.7856262025358,1.1079194525042124
2000-02-08,-5.741558540352372,-0.036489647195340646,-6.131878006686463,0.9429549810457337
2000-02-09,-4.384058277469181,0.42156698573827306,-7.882764079679933,0.7185037748715906
2000-02-10,-4.437748213852362,-0.5073815842909828,-7.36293135134383,0.4391390820060218
2000-02-11,-5.591355582222997,-1.7917721339927735,-7.794346581021532,1.655623019353131
2000-02-12,-4.976163876810055,-1.986996341855697,-7.7221187992852975,1.2417209376497662
2000-02-13,-3.7768725441447293,-2.2888985871378953,-8.321589358476619,1.1762538592697522
2000-02-14,-2.7568829562083352,-3.5804436327652454,-8.789790047414506,0.008731285688970525
2000-02-15,-2.905794715111221,-3.7114735705135677,-8.690244101453159,1.1064280903334416
2000-02-16,-2.6181509858565404,-4.405535399520236,-9.162737566647902,1.1581886071829186
2000-02-17,-2.306877683390554,-4.977450035897815,-8.914139878075616,0.3641839255414332
2000-02-18,-3.100892875033839,-5.297922912837837,-10.133014565938879,-0.006378413731336685
2000-02-19,-4.329606116783211,-5.630091214002708,-9.04976096520108,1.6429474569871279
2000-02-20,-4.26338235677697,-7.756554765970468,-10.237511566370788,1.3323108201632328
2000-02-21,-4.177430626736772,-10.11098265786581,-10.317009204173749,2.459204969637495
2000-02-22,-4.178697614013829,-9.786083827978473,-11.817486283702557,1.5273608779432364
2000-02-23,-3.250349937793364,-10.601284842085255,-12.79059489220929,1.1410090335819099
2000-02-24,-4.20300514207837,-10.7225232392712,-12.565544100812547,0.4811981979724943
2000-02-25,-4.908589121913426,-12.551246818249696,-13.778856557412826,0.3399548597183842
2000-02-26,-4.882939400567892,-10.33130393128061,-13.507094495709046,0.743124580256362
2000-02-27,-4.648846248914039,-9.830790518038024,-15.29173589572634,1.4526146559184476
2000-02-28,-4.706640878012818,-11.030784278307966,-13.453535701764967,2.675824121232728
2000-02-29,-4.818191563964551,-11.418503956978697,-13.82855156351149,2.3183334172910612
2000-03-01,-4.023659030632598,-10.627960946007212,-16.60678156277128,2.7543863781250715
2000-03-02,-5.444640336456872,-11.280768354778392,-14.350653667089222,3.7387362804926223
2000-03-03,-6.2545424197335215,-12.57313665128203,-12.279025278771831,3.8495936646177213
2000-03-04,-6.49278563111644,-14.455285437385653,-13.379850047990614,4.7336738861779715
2000-03-05,-7.325920342175435,-15.532566946956296,-12.239396595598334,4.759028025643783
2000-03-06,-6.752831588730588,-15.35414598627655,-14.056724141110514,7.138921404084499
2000-03-07,-7.264824287796384,-15.98515249988438,-14.962629588659636,7.273958710601526
2000-03-08,-7.086478100675068,-17.55603776908143,-14.57647393429437,8.426001131486398
2000-03-09,-7.509443141549794,-17.65589023026889,-14.057783398392289,8.731299582087777
2000-03-10,-9.547160965235,-20.666789558033685,-15.50084168271544,6.352266648221322
2000-03-11,-10.29413803003593,-20.03906538069559,-15.681810003238697,5.267934070115112
2000-03-12,-9.631946819179586,-20.119596875793476,-15.9881216157874,6.1441155906419676
2000-03-13,-10.861416156964285,-20.382563371001087,-15.568978069582608,6.287944644871691
2000-03-14,-12.759571523911156,-20.956206473674282,-18.350868443821916,6.7851834363736785
2000-03-15,-12.668070410621928,-19.561948036796213,-18.693000984333995,8.674274389434569
2000-03-16,-14.351480105093401,-19.391701428365465,-17.367050558757846,8.8376112876986
2000-03-17,-13.820590701282876,-19.822055623630025,-16.134475368729042,8.165011493554761
2000-03-18,-13.45405939149498,-19.34223956085914,-16.74214448110231,8.132393563258693
2000-03-19,-12.004720275867506,-18.718149827296482,-15.31782560323246,7.55823475035704
2000-03-20,-12.059493534852939,-18.183139096803497,-13.938466797244748,8.77925203468382
2000-03-21,-11.289531019587548,-17.733937463652225,-12.234973080023195,7.8292977649241156
2000-03-22,-11.21733180592194,-18.05468311185746,-12.45846633733564,7.316213290180772
2000-03-23,-10.820284990201712,-17.16310478173965,-13.046522053242843,7.171689542112202
2000-03-24,-10.598414706321387,-16.10268385589669,-14.570568611371055,5.835632466110614
2000-03-25,-10.415195217413174,-15.394365724442732,-12.93459571206187,6.0580023006808785
2000-03-26,-10.040434002191418,-15.020216582493273,-12.552233707363598,5.381281030823148
2000-03-27,-8.80066173190303,-15.040357564449605,-11.438821184154879,4.589254335585852
2000-03-28,-8.123140359207504,-15.90082385630439,-11.63055744826972,4.5212641942164336
2000-03-29,-9.718025298407488,-17.080074600000863,-10.819277994957229,4.753075204417271
2000-03-30,-9.404179953878522,-16.000196545540113,-9.925629667704374,3.99086071908407
2000-03-31,-9.734724212936742,-16.075628701341383,-7.251752545703792,4.434138008600817
2000-04-01,-10.748695404259262,-15.079046943186624,-6.485104334294634,6.018172318019874
2000-04-02,-9.080893217941162,-13.89857772983451,-7.469438178415107,5.829678810960002
2000-04-03,-10.395714938622838,-15.06283734317509,-7.975160724722139,6.160292668921685
2000-04-04,-10.886607415852456,-14.694251033543372,-7.654907119108108,2.7374572842323204
2000-04-05,-10.998716088089243,-14.064674958572962,-7.26469576579835,2.4876600880640742
2000-04-06,-11.278494783785659,-13.839930489149609,-7.734374832880029,2.532417477211594
2000-04-07,-12.954694689772245,-14.013521537900422,-9.230944987172252,1.921027638978504
2000-04-08,-12.174687897335446,-14.576794192110091,-8.796398725520167,0.9762581354719183
2000-04-09,-12.908803453018711,-14.488936182074285,-8.651901511225212,1.3524164916083916
2000-04-10,-12.21050421957493,-13.801011019897764,-9.27363509431818,2.398247507201389
2000-04-11,-12.984186011909653,-12.84601220189672,-8.679655506820993,2.781437692365564
2000-04-12,-11.783335771387383,-13.204391128842342,-8.963943770424867,3.014850551990061
2000-04-13,-13.247818570863515,-14.135125040080954,-8.91878289573097,2.3997906252135563
2000-04-14,-12.791500278306238,-14.126316858806621,-9.47239488961038,1.6524155835742582
2000-04-15,-13.172516606443631,-14.30523145958032,-10.715292230286536,3.7111568732200597
2000-04-16,-13.36826502013227,-14.19507052970474,-11.010981419528532,2.9205022519585295
2000-04-17,-14.713181687191575,-11.23807909350387,-12.635846350767736,3.6202854766690007
2000-04-18,-16.5026446930402,-9.72267640959829,-12.739049005044617,4.380667239878223
2000-04-19,-15.778317766128575,-8.503002351533445,-11.464395384976676,3.5525294070517965
2000-04-20,-16.32496342233518,-8.565958284836203,-11.475187413106214,1.9645530084699474
2000-04-21,-18.279119903568674,-7.511268774294401,-11.220619404667891,1.4430259370507779
2000-04-22,-19.554466112260748,-7.635231485294115,-12.025778326384746,3.5536788132498973
2000-04-23,-19.32721729733536,-7.429214929961303,-10.980129623283977,2.8143007316043254
2000-04-24,-18.504060911803002,-7.9241657278664706,-11.21896594649842,1.2845231570854625
2000-04-25,-19.174534904801646,-9.127172265912908,-12.927714549644675,1.694512930470776
2000-04-26,-19.098186883036185,-10.037460587351946,-12.678783299915063,-0.052620593403565286
2000-04-27,-19.91442440346146,-9.68635220473159,-13.444029146022281,0.9821187672200202
2000-04-28,-19.01050092346595,-10.803119489823017,-12.662805734770997,-0.6814821181206356
2000-04-29,-18.247427030315265,-10.383773821769228,-13.26835320589768,-1.7381257012507436
2000-04-30,-17.82104511355269,-10.428894783020702,-15.184003365015448,-2.722714304500057
2000-05-01,-18.540073296803293,-10.443743423625339,-14.728310426460807,-2.899325761951325
2000-05-02,-18.1568994661195,-9.250321846202137,-15.818375188456375,-2.7074750659103834
2000-05-03,-18.61639997591291,-9.01965377616078,-17.3648690657601,-3.565393419767194
2000-05-04,-20.64962963896473,-8.90526504555994,-18.16996277053759,-4.889664829582603
2000-05-05,-21.858435945940943,-11.30247881572867,-20.677677483808267,-3.903520037432969
2000-05-06,-22.396179169054033,-11.058182523872695,-21.18179038353234,-3.6625675410920935
2000-05-07,-21.163085529021487,-10.678004115720972,-21.141429269657277,-3.825772206512433
2000-05-08,-21.42688464842301,-10.658832501057793,-22.22993755543,-4.292759401049801
2000-05-09,-21.258841279346928,-10.608955411109628,-23.05153706427977,-4.74694791532142
2000-05-10,-20.908550145775862,-10.975063776719647,-24.475173533507864,-6.633644449302857
2000-05-11,-21.823856187469257,-11.47473802056042,-23.619169402930247,-7.509526458999163
2000-05-12,-20.433948721456215,-12.844664578671303,-24.401392313690362,-8.83491430265394
2000-05-13,-20.02784090641887,-13.963982736390157,-24.028865763433206,-7.042177686556913
2000-05-14,-19.974060948136085,-14.357554465822064,-24.779509738844897,-9.688565691381163
2000-05-15,-19.328110607131766,-14.584948099300844,-25.853801223839003,-10.606131501595005
2000-05-16,-20.299112765342784,-15.391517910769142,-26.443569717690984,-10.35359745035551
2000-05-17,-18.679536295525224,-14.404964517502181,-25.436936663518622,-11.835474165000134
2000-05-18,-19.144403205885173,-13.919573771244341,-26.069022320280148,-12.876253404035328
2000-05-19,-18.74352103870632,-14.393738605617166,-26.895682099502906,-12.466856066460847
2000-05-20,-18.242331043845283,-13.713036361045605,-27.277192687833185,-12.505721269362736
2000-05-21,-16.809567509832885,-12.936398492360258,-25.690316759143624,-11.846304947205438
2000-05-22,-15.877909925664508,-12.837158304850167,-26.58054367026304,-9.89782707293215
2000-05-23,-15.945145585763646,-12.584565482363303,-27.562307286022822,-10.213576217825484
2000-05-24,-16.080116087304415,-13.107496558042868,-26.391100004911152,-10.124691535065299
2000-05-25,-15.720450779712689,-12.109278859865123,-25.506805530924666,-12.28828803338724
2000-05-26,-15.244999621231614,-11.187560839416525,-26.328591258125524,-13.349468024084361
2000-05-27,-16.900114464588402,-11.152961100943843,-27.725532460808086,-12.506872090948248
2000-05-28,-16.92694708509467,-12.375759806023833,-26.67646968854668,-13.510672491482737
2000-05-29,-17.51235925351962,-14.863453836490574,-26.576628372220675,-12.725702932558523
2000-05-30,-17.751328939604793,-16.568596131590176,-26.01666157936547,-12.344150564576738
2000-05-31,-19.036205132209677,-17.565330588387173,-25.644433721881892,-12.181585726633937
2000-06-01,-20.225185212681524,-16.478086590884836,-23.678074361602242,-10.152336855882705
2000-06-02,-18.890203490955006,-16.98146014772082,-23.84330547200054,-9.964100582112117
2000-06-03,-19.276049518160743,-17.172047711879593,-23.781320906439174,-9.884179149914434
2000-06-04,-22.112491393576757,-19.3939504446964,-24.156072456781395,-9.132875135152823
2000-06-05,-23.235173929037078,-18.687280436460142,-23.43365845410379,-8.230163887312585
2000-06-06,-24.540398530396807,-19.216131928621028,-23.523116572583604,-5.998279626876533
2000-06-07,-24.947742268018533,-19.17447766393149,-24.04186841499879,-6.697183741952875
2000-06-08,-24.382811747754438,-20.414252913206006,-22.78084467939258,-7.758540854005597
2000-06-09,-23.375134556087747,-20.04350356575757,-21.5244619952292,-7.015811364899518
2000-06-10,-24.192367845379266,-18.89604342040699,-20.494558220122855,-7.889380738588972
2000-06-11,-23.61366541626472,-18.479372734443523,-19.246185506493624,-8.508753729169342
2000-06-12,-24.1366631225563,-17.996140296364786,-18.4795301618149,-9.813263654256499
2000-06-13,-22.79738416482096,-17.16243887064782,-18.816873743039665,-10.176521704900528
2000-06-14,-22.824521379370463,-17.05046327655793,-19.5551694394319,-10.761215536796854
2000-06-15,-22.847506336102505,-16.80730793671222,-19.955072157139064,-10.65089074655324
2000-06-16,-23.351690755143164,-18.13019198334164,-20.931782788718657,-10.493128485611331
2000-06-17,-23.78838596500315,-17.53166032811745,-21.21914218052686,-10.105652172396116
2000-06-18,-23.846720915043093,-17.04774293963521,-20.178054838860376,-11.126033111128741
2000-06-19,-22.893154509331634,-16.169156678952678,-20.10667518125571,-12.573808584867365
2000-06-20,-21.419994929174027,-13.967841063429331,-21.01777601183694,-12.742849137818485
2000-06-21,-20.693587478110356,-13.256068633712506,-20.28956042446099,-12.330467329183291
2000-06-22,-20.996961701592966,-14.306731797854162,-23.274920312248238,-11.85295252392175
2000-06-23,-21.959666446171877,-12.385234041548243,-22.6137623429862,-13.546484102854976
2000-06-24,-22.562964179210308,-13.142385175257504,-20.59864048824169,-12.037662472478145
2000-06-25,-21.43247462434546,-13.291897509105793,-19.48093997404414,-12.740101481708027
2000-06-26,-21.062659421198003,-13.173672843600245,-19.3585865433931,-13.63525292958169
2000-06-27,-21.784587460740493,-13.87525664638117,-18.60906533738564,-14.499345839850559
2000-06-28,-20.211732073161667,-13.42244489195304,-17.81169864333967,-15.870485880161272
2000-06-29,-19.283444422660015,-13.967493820141373,-18.335351097065292,-16.24615882311778
2000-06-30,-18.38915224483282,-13.31155894167799,-17.661906070580148,-14.901065284292894
2000-07-01,-16.600746245015095,-13.33949654652076,-17.56700445625857,-13.202327589565995
2000-07-02,-15.652958720714933,-12.589244196231014,-18.470380679144768,-14.833807218599937
2000-07-03,-15.682785071847018,-14.047948141057306,-19.25112122286331,-14.661981729539896
2000-07-04,-16.554060216972708,-13.682235761918854,-19.022089365716344,-14.039142573917479
2000-07-05,-16.120205148335636,-13.533131529829555,-18.689144716507656,-12.585734343616735
2000-07-06,-15.510756136948036,-13.23125541669051,-18.29220460428541,-13.202340999970458
2000-07-07,-16.35166274882622,-12.7307274769233,-18.908032562672865,-12.81478828129511
2000-07-08,-17.6176462236259,-12.155066837600573,-20.083918291839282,-14.27927638938415
2000-07-09,-18.365810562200036,-15.280137511438893,-19.949989843886392,-13.032390267873353
2000-07-10,-18.721857382867356,-17.319553067087796,-20.63034341374044,-13.776890328673081
2000-07-11,-18.786848097925112,-16.77984019636038,-19.7427087969721,-13.140079442695077
2000-07-12,-19.051386463809965,-16.836703911275187,-20.527307755189593,-11.677970246921765
2000-07-13,-18.32389053638093,-15.385165593714992,-21.01627435998278,-12.34119995770773
2000-07-14,-16.105531886078566,-16.45486058033592,-21.52108860493788,-12.785953998980718
2000-07-15,-16.0162155912001,-16.550341777519048,-20.974320554960585,-13.446171606079803
2000-07-16,-16.887251925860806,-17.147700531126368,-20.77432998071201,-13.129570558986549
2000-07-17,-16.073676291430903,-17.31649489981558,-21.075963540741096,-11.35062144050292
2000-07-18,-15.624553307491949,-18.183868394679713,-20.35210663728636,-14.198156671770551
2000-07-19,-14.985861705985393,-18.371572369872318,-20.17840308027124,-14.675921216533514
2000-07-20,-12.364786394455688,-19.11862306763451,-22.722643159867516,-16.290708341619037
2000-07-21,-13.848323182969176,-19.82139076395991,-22.480860202882212,-15.741248965946419
2000-07-22,-12.583948883373488,-20.1215301834992,-23.583304677466042,-18.084981457123483
2000-07-23,-12.996677736251854,-20.762024460472244,-21.84635902015303,-20.96678589875127
2000-07-24,-13.859317473489199,-22.85280858838869,-22.521864931874525,-22.63727440565881
2000-07-25,-11.877694457838809,-22.526864685128334,-22.90814410580584,-23.32345489906971
2000-07-26,-11.45911048330737,-20.140440125496006,-22.52998292267359,-23.025614200869175
2000-07-27,-12.129326136245966,-20.939459924916786,-23.122100123210462,-22.786583169182713
2000-07-28,-10.22115779557795,-20.52849773410603,-23.395361006117874,-22.476206302568258
2000-07-29,-9.879552755478683,-21.24288272809126,-22.67544116237728,-20.294247331514725
2000-07-30,-10.599913157292818,-21.86288065808485,-22.607450051525458,-20.537657638503685
2000-07-31,-10.436705617739152,-21.909140784407736,-20.435266013200447,-20.731122895041175
2000-08-01,-9.752121260844774,-21.269493508142048,-21.294601551068556,-19.64916369193865
2000-08-02,-11.610833499273792,-22.697412690900542,-21.394656251596615,-21.389535568178268
2000-08-03,-10.932581857276285,-22.08924551337165,-21.564140771933335,-21.951370396621318
2000-08-04,-9.532811578932701,-21.70026902203115,-21.278109826823886,-22.18694740734058
2000-08-05,-6.991223224409612,-21.033318924478216,-23.673456223260807,-22.031929287209355
2000-08-06,-6.65099017760143,-19.63113036858257,-22.801485936885182,-21.7550154815442
2000-08-07,-8.11845866902472,-19.636233326886167,-21.506767456910485,-21.221925849510104
2000-08-08,-7.544983126494559,-19.789309209576068,-21.991640768870003,-23.243565129001073
2000-08-09,-7.243474754198482,-18.734665017339534,-21.003985641644977,-24.690877938928104
2000-08-10,-7.959522580496166,-18.76528680660816,-21.64086594176704,-24.492334938583227
2000-08-11,-6.115372835895846,-16.033064019783506,-21.37919679661612,-23.845946732380582
2000-08-12,-5.672807844822339,-15.715085208610901,-21.177333264103446,-23.08514859512573
2000-08-13,-6.387870318352723,-15.356882142678739,-21.1663922228382,-22.937782465000673
2000-08-14,-6.149393741142654,-14.676841109115005,-20.785801653217092,-24.546831108307934
2000-08-15,-5.13104176494984,-13.795047099389457,-20.916310068532535,-24.81327703921372
2000-08-16,-4.631210967254535,-13.327612415125705,-20.668797223168397,-25.329228021807122
2000-08-17,-4.407826771704065,-12.432167317261573,-21.309408272807257,-24.65528204190017
2000-08-18,-3.6561478905423646,-11.670519108770078,-20.785600274132104,-24.51644347505694
2000-08-19,-2.048804206392357,-12.063792680220939,-19.837117954703857,-24.61759580626272
2000-08-20,-4.061984042250947,-13.85397752484534,-21.099879442546946,-24.242183216903154
2000-08-21,-4.726164019115628,-12.711283660811173,-19.80378281213161,-23.256070566996346
2000-08-22,-5.958379375172682,-14.17438781807628,-20.38365606195109,-21.198229170949478
2000-08-23,-6.77370704109539,-14.64845165834361,-20.61651939560863,-22.669929993089944
2000-08-24,-6.655137415138826,-16.50606522948386,-21.619577771456207,-23.992752771494743
2000-08-25,-5.770249920386846,-15.856560571274995,-21.703473465318254,-24.961778808373577
2000-08-26,-6.068406066458611,-15.60553701001285,-22.319070228703765,-27.007371169739745
2000-08-27,-6.034153865344989,-15.656308403584108,-21.316266438042923,-27.42598116951257
2000-08-28,-5.5199670313066616,-13.58787124556324,-21.450257627726717,-27.526732051938804
2000-08-29,-3.1717405640318446,-13.34992276228992,-22.39774619873709,-28.876974045604957
2000-08-30,-3.7367724743832222,-14.35853243257534,-22.798085425190056,-29.165501744317105
2000-08-31,-4.501341975250495,-14.41926106779056,-24.395023593843746,-29.531056863808487
2000-09-01,-5.68626855008369,-14.458849181989327,-24.05950689851898,-29.843684606268575
2000-09-02,-4.249843204677502,-15.499463874606622,-25.39402330884321,-29.986510517544016
2000-09-03,-3.9588319209899425,-15.108607579032903,-25.708039505766582,-28.820312809335263
2000-09-04,-2.989381346887856,-13.408622082613501,-25.298109782855946,-29.637924774333683
2000-09-05,-3.9944762199518964,-12.06540400343683,-24.303056385464373,-30.508291621875433
2000-09-06,-4.036844646145991,-13.140301970601634,-24.517380606996806,-30.61494770490271
2000-09-07,-4.2506541359296435,-13.266858111279124,-24.926666903245092,-30.71289129112367
2000-09-08,-6.551298911225103,-14.350141487570845,-26.108180863110714,-31.993474737066204
2000-09-09,-8.289486336648956,-13.890542022582935,-27.366485990897775,-32.13214296689406
2000-09-10,-7.821588595589576,-13.557100710623311,-26.949751157752576,-31.654100238327306
2000-09-11,-8.088075806444454,-13.157658430031166,-26.230024380312607,-30.075964344350247
2000-09-12,-8.524206309827665,-14.34346666419522,-24.72083722016097,-30.33238029717084
2000-09-13,-8.449660546712847,-14.89253039864944,-24.61438031418675,-29.413638694584368
2000-09-14,-6.724004313449502,-14.790356966394322,-23.03746611173098,-30.942972723814826
2000-09-15,-6.394353558916156,-15.77026335143784,-22.55696039564639,-31.53611951180925
2000-09-16,-6.670759310362892,-17.399061276612105,-21.444562143220065,-32.619177727702386
2000-09-17,-8.301428290998391,-20.23788091367456,-21.381380516184564,-32.100391415281685
2000-09-18,-9.267264209671849,-19.975965173754282,-20.146954028962632,-31.95664359416459
2000-09-19,-9.25572772860669,-19.71928557478658,-20.350974226465496,-31.27094737796415
2000-09-20,-9.102988340841309,-19.644084688353793,-20.18580150701417,-31.133479212284644
2000-09-21,-8.583899961232985,-17.678451501840904,-22.275483720292982,-31.482446680842745
2000-09-22,-8.90544591021299,-18.612331673734246,-21.235465342095008,-29.15933062055906
2000-09-23,-9.377285725793982,-20.240973407374767,-22.181513370044513,-29.249694194809873
2000-09-24,-9.201888925285491,-21.21494199953297,-23.13132777076674,-30.10604509973734
2000-09-25,-8.503933906719586,-21.95270341811674,-22.217854635386203,-29.065313354342294
2000-09-26,-9.35395962675511,-23.503289264076237,-23.362855458282056,-29.59058560613811
2000-09-27,-8.979559737767094,-22.4025009072367,-22.171060604405657,-29.088450273454853
2000-09-28,-8.752170620461156,-21.067087586888647,-22.03412873046425,-29.605451677134194
2000-09-29,-9.518067341569886,-20.407684038299323,-22.787676888100762,-29.56188000590601
2000-09-30,-9.898559506752441,-21.191139663337857,-24.07525057821875,-30.444987425207195
2000-10-01,-10.438883147622816,-22.76737050438754,-23.577060786170335,-30.667214526271543
2000-10-02,-11.299748741778556,-24.028762693775853,-24.556845507895535,-31.784729217844614
2000-10-03,-12.208709301813371,-25.160712931638184,-24.686743315489007,-32.59391078353173
2000-10-04,-12.401514649891741,-24.64437422731036,-24.619034001861987,-34.13102240608575
2000-10-05,-12.743592910950776,-24.61034958977771,-24.899671252677955,-34.43083610089237
2000-10-06,-12.174156388834556,-23.35594494762062,-24.926077293558087,-32.910119543421686
2000-10-07,-13.279306292302817,-23.301610687038607,-25.43050470646679,-33.34827882053789
2000-10-08,-12.808437107617737,-22.622170040874895,-25.240797756744502,-33.122665530484646
2000-10-09,-14.920735875688365,-21.38122113734019,-26.566103727878176,-31.699494250826913
2000-10-10,-15.179499006526992,-21.761584063122502,-27.256876881249696,-31.71485922408442
2000-10-11,-16.43765639951896,-22.505809774379944,-28.01618145442385,-31.900371348972666
2000-10-12,-17.295952912005653,-23.656960363961787,-26.33963045754841,-31.592464699704742
2000-10-13,-19.075648031074856,-24.817725561550045,-24.564715388216097,-30.842332800744355
2000-10-14,-19.64553156528194,-24.97598243953732,-23.6306468862309,-31.586878487721837
2000-10-15,-19.037382357590154,-25.893632720229267,-23.879988591298382,-31.36481564735678
2000-10-16,-17.407904645503084,-25.458484201781445,-23.520862213793492,-32.75221872060938
2000-10-17,-17.77296168165918,-25.996674658236554,-21.995368819659376,-33.25298863242711
2000-10-18,-17.121680578269874,-25.261173652231264,-21.38503943844277,-34.22809453677426
2000-10-19,-17.94514926530156,-24.808742801704273,-21.204196899879907,-32.26142509052591
2000-10-20,-18.040365365029494,-23.235340475751993,-21.9860930835994,-32.59440505807298
2000-10-21,-17.005463206725857,-22.396353301215797,-23.229927295528576,-32.02221539300417
2000-10-22,-17.47132117303913,-21.187604890483602,-24.275816976078385,-31.848645525903617
2000-10-23,-16.841455721629178,-22.192241416876517,-24.5867902744107,-30.843485978067555
2000-10-24,-18.387361475602784,-23.3162016410542,-25.44740391411552,-31.558048983567325
2000-10-25,-18.303327436391307,-22.53296106834967,-24.340197566193748,-30.716596826433648
2000-10-26,-17.375887423600844,-21.595671879677397,-23.328482136949734,-31.219807677136117
2000-10-27,-16.82683819580993,-21.566932308914595,-23.207438069269504,-29.854390676330212
2000-10-28,-17.130815960640852,-23.645747543846788,-24.302912231504063,-27.814088883156018
2000-10-29,-16.31683463806562,-21.86057626105371,-22.769556602240243,-27.736656544475146
2000-10-30,-17.820068345100605,-21.530536345524975,-21.79168578800833,-28.693393580592318
2000-10-31,-18.118057901060418,-20.963833134675514,-23.845159191131934,-27.762990467372532
2000-11-01,-18.30710718199746,-20.808095297653605,-24.94022574064231,-25.268909330451248
2000-11-02,-17.71979190507704,-19.076321872063808,-26.238557651635254,-25.81555743666433
2000-11-03,-17.594866153978916,-20.064593321390014,-24.873599448506837,-25.95129212847671
2000-11-04,-17.026944527300643,-19.925807841304167,-26.818624522587026,-26.975015577658866
2000-11-05,-16.450831721853913,-18.830961464433088,-26.720494708206406,-25.638171898741312
2000-11-06,-16.370499513563402,-19.7090254332194,-25.2142677403747,-25.400624008221193
2000-11-07,-16.66238659911443,-19.285083462323957,-25.986957715836894,-27.234910578281504
2000-11-08,-15.738643619286353,-21.098002265310715,-24.627242354180026,-27.117588440261365
2000-11-09,-15.659024894230294,-21.367537375851317,-24.423489263857647,-28.17381750787767
2000-11-10,-17.540149972639387,-20.359040035844945,-23.30533035566062,-26.73236690578887
2000-11-11,-20.01272124125606,-21.168614204625186,-22.085042294552807,-25.985646906485645
2000-11-12,-20.06465480222984,-21.843703121259555,-22.325185902064106,-24.842436265961883
2000-11-13,-19.99455687885786,-21.703288458466567,-21.305079980187994,-24.92305769859267
2000-11-14,-19.51682940841455,-23.52926670148948,-21.447381683260186,-23.821395340929204
2000-11-15,-18.522356315898453,-23.761525324576652,-21.75636994829511,-23.33627046930078
2000-11-16,-20.191667081737197,-24.277615060020185,-22.63078837523501,-21.27449348745955
2000-11-17,-20.689370574040186,-23.160527661770786,-23.478683101425098,-20.74268720076662
2000-11-18,-20.719604386063118,-24.541900262712083,-22.57814461253708,-20.721920471636903
2000-11-19,-23.2861898420741,-23.61754921033139,-22.05889342231572,-19.124736699567496
2000-11-20,-23.374946591603543,-22.492198338771814,-21.577165121444622,-20.245424078296494
2000-11-21,-24.102158637147294,-23.804760737774142,-23.44653623956274,-18.857820442454333
2000-11-22,-24.997150129920765,-23.46945734155032,-24.226991180287342,-18.00607604546799
2000-11-23,-24.365199403945425,-22.545472168811038,-23.77736062135493,-17.229550903754912
2000-11-24,-22.841137709549017,-24.10731290943065,-22.841610161550957,-15.658446238266427
2000-11-25,-22.51531017681688,-23.213332897300713,-22.330621320253563,-16.757727673550164
2000-11-26,-20.905119767421645,-24.800299448520935,-22.726436645733852,-15.293243036958144
2000-11-27,-21.854994754059888,-25.75811059065475,-22.197909769190378,-16.980622343849358
2000-11-28,-22.456816497263095,-25.040041185159623,-20.735210018146844,-15.923445069192365
2000-11-29,-21.873907115172408,-26.184528470319368,-20.383641151703433,-15.264247762121911
2000-11-30,-22.335004393405836,-26.27918313891332,-19.943783788605884,-17.307074021118193
2000-12-01,-22.564656860448245,-25.83211738842529,-20.765919515120988,-17.320383158980825
2000-12-02,-22.13989029367269,-25.124257864239382,-20.503742170362393,-15.950934457237228
2000-12-03,-22.55109996190871,-25.43504679920354,-20.628535790615377,-17.13773198499827
2000-12-04,-23.694618889954334,-26.52294624511568,-20.699749416786105,-17.82334809462189
2000-12-05,-23.272696604962448,-26.91567835352224,-19.751235701200006,-18.501424058673454
2000-12-06,-22.82687317647865,-25.812585488696516,-19.53679947798171,-18.78637887005801
2000-12-07,-23.034114517281672,-27.2321920511871,-20.100399243174337,-19.693636311126117
2000-12-08,-21.54714650438647,-29.090415122464208,-18.92350237159031,-19.989846942640362
2000-12-09,-20.87014583547105,-29.847077527772427,-17.76589573380796,-19.1202931787395
2000-12-10,-20.292323742739878,-29.330894516295597,-19.83666694541849,-17.793550425007243
2000-12-11,-18.410196971696855,-29.500973744698054,-20.77747971650793,-17.23437425997974
2000-12-12,-17.176741028145955,-29.49832554307436,-21.441887430849082,-16.492996789337553
2000-12-13,-17.481477247872135,-29.525817135265306,-22.06714315058644,-15.693854105197808
2000-12-14,-16.69541010334444,-28.910909805410128,-21.33298219863258,-15.332018644969716
2000-12-15,-17.97594168751466,-28.8098507867659,-20.68816113765428,-15.453551641465413
2000-12-16,-16.681819317175417,-28.273896593144713,-21.529365797873915,-15.128413807423486
2000-12-17,-15.682507496714406,-28.94916523242193,-19.36504933638186,-16.6075921207168
2000-12-18,-13.58022709487812,-28.514689625709195,-19.527563604261978,-16.32434218606786
2000-12-19,-14.069506247773157,-27.476991977138695,-18.2259501709103,-17.36110734942036
2000-12-20,-13.081065701008153,-26.374466764622344,-17.047452284144246,-16.820469539292837
2000-12-21,-12.480338090630964,-27.111079846821706,-17.302513775328546,-16.727982761043958
2000-12-22,-11.541998944229164,-26.072975077024196,-16.85202920296528,-17.114635995003635
2000-12-23,-11.21905725909535,-24.98140167415244,-16.479390280827847,-15.553142243228056
2000-12-24,-13.878003153499693,-25.780205377855996,-15.78373836499757,-15.742806946161586
2000-12-25,-12.311044591423682,-25.630468368434315,-15.87549687643017,-16.813413159866183
2000-12-26,-12.986618898398458,-26.711053319343527,-17.139514556474676,-16.214802192773398
2000-12-27,-12.827486665196695,-29.135151086722537,-16.421752171245643,-16.950715287365266
2000-12-28,-14.807537955327733,-29.40432085386663,-14.948772958016564,-17.316925943949183
2000-12-29,-14.508811102132055,-28.535613803817892,-14.85455375844975,-18.852511587275508
2000-12-30,-16.065859462855347,-28.40454838104525,-14.510159892244166,-18.17358777484831
2000-12-31,-16.220323538664086,-29.222914516188784,-14.049773827934622,-16.69384782971968
2001-01-01,-14.758506964100704,-27.275065380738287,-12.741047471342512,-17.520727256094613
2001-01-02,-14.330876924240897,-28.676576036796078,-11.753634614750846,-16.510066814742483
2001-01-03,-13.653004917186793,-27.999997353424018,-11.514041703811273,-16.710240095736825
2001-01-04,-12.605667395479205,-29.806787162190858,-13.314918028606776,-17.182710412059627
2001-01-05,-12.298592267405917,-31.170549544361737,-11.368508133297055,-17.54309546902973
2001-01-06,-12.431673262632113,-32.852951187780306,-12.940897873484436,-15.842564833978368
2001-01-07,-12.53339368504908,-32.95716641324666,-11.292269303025158,-16.676579254229125
2001-01-08,-11.76459626199001,-34.124324206946234,-10.865974401363689,-17.243287302866808
2001-01-09,-11.699984699208674,-33.51163235647393,-10.677551772161284,-18.77193568366515
2001-01-10,-12.996648918263384,-32.336108550534846,-12.186464137304107,-18.89673626174078
2001-01-11,-14.433610329032138,-30.61038124978128,-15.50934131849593,-19.906768531332595
2001-01-12,-12.8727495834798,-32.09583578403868,-16.10259059593913,-20.68906045641183
2001-01-13,-11.636647314281388,-32.66766909187831,-15.949478096856101,-21.59345002236521
2001-01-14,-11.515253792483398,-34.414307507517506,-15.573105597373774,-22.625514272963443
2001-01-15,-10.24291035084472,-35.745531200032985,-16.821245125963355,-21.834202071845702
2001-01-16,-11.24135578634135,-35.26472939225925,-16.746680120504305,-22.850032658311733
2001-01-17,-8.70376707491808,-36.07088613888911,-16.0620639105553,-22.38560825625309
2001-01-18,-9.285379165761261,-36.040773319552635,-15.889693631405489,-21.35184541557756
2001-01-19,-8.782254386855422,-37.01639191664154,-16.537799623621925,-22.93036273428911
2001-01-20,-10.50820915723946,-36.89373163341406,-16.669537758169096,-23.997819414820555
2001-01-21,-9.719986081847345,-35.486089285310825,-16.55660229554615,-26.19750889174497
2001-01-22,-9.62970704214625,-34.25385342618002,-16.502498015146138,-25.53460736956237
2001-01-23,-8.406042187472496,-34.470486894688285,-17.557804457580705,-25.622284499346826
2001-01-24,-8.7808870538566,-33.61941566813554,-17.494501132908578,-22.713783456254326
2001-01-25,-8.48955056477939,-34.84312881522733,-16.619205114985338,-21.07127980384576
2001-01-26,-8.817211696924248,-34.15279986442832,-18.689591409110832,-20.985793341028494
2001-01-27,-9.487580147591204,-35.21586960240688,-17.365933918143384,-20.345042769370313
2001-01-28,-9.972148434038974,-36.55801267481855,-19.04188774475613,-19.301205675532817
2001-01-29,-9.321906047033423,-36.4403476128198,-19.088478144883144,-19.46266850361702
2001-01-30,-9.685290746769441,-36.1909022504773,-18.92266439114726,-20.09052178773243
2001-01-31,-10.862150973129788,-37.19229638906636,-18.823141401337203,-21.42084358775077
2001-02-01,-11.967723526794057,-38.28827969211944,-18.897580108051926,-19.88308805763402
2001-02-02,-11.217077192761613,-39.73881082604798,-17.420584930896023,-18.289271060521106
2001-02-03,-11.177957031194472,-40.34741010263213,-17.801017414429875,-19.64792221348009
2001-02-04,-10.477991244923942,-40.000516132917404,-17.348683682823047,-18.906280206551397
2001-02-05,-10.842908394086123,-40.276300192723134,-16.39871650113141,-17.84457527869157
2001-02-06,-12.218882608016116,-43.346237923643244,-16.249295034027334,-17.088219154254855
2001-02-07,-11.95498420677382,-42.917083620178026,-16.165528018159446,-16.864027655486264
2001-02-08,-11.373521864792881,-42.07720634472611,-16.12687777092776,-15.333594146033782
2001-02-09,-12.367779770620698,-42.02448321352301,-13.542506570301013,-14.142351665736612
2001-02-10,-10.679927448195057,-41.76879125762609,-14.519692328073942,-13.885784028575813
2001-02-11,-10.614412132635259,-43.04177045349421,-15.748856412168125,-13.76008347434409
2001-02-12,-11.276372530041515,-41.540886013079984,-15.47627983097498,-13.249154454476027
2001-02-13,-10.518063533964142,-40.899424969157295,-16.142228960587445,-13.222405733133575
2001-02-14,-10.21688313958953,-39.9024175706479,-16.04761304392635,-13.643856398118396
2001-02-15,-9.744472030699827,-41.318693889485196,-16.733927799258254,-14.170803108638669
2001-02-16,-10.681406943751105,-42.17379128785824,-17.2188448926346,-12.69386488910333
2001-02-17,-12.51585634372236,-42.01915797407385,-15.647426965524271,-11.857347310596225
2001-02-18,-10.881943564412083,-42.30399154781644,-15.217160510679099,-11.499920596408586
2001-02-19,-7.592215439726153,-40.91313098040207,-17.1350331251214,-10.985149930453002
2001-02-20,-7.496941966802539,-40.633748613046436,-19.520068337545606,-10.546100222729642
2001-02-21,-7.044898442397388,-38.876691465619075,-19.700802703921646,-10.148906555959167
2001-02-22,-7.846955000987106,-40.103992991467784,-18.974403072211548,-8.8386926081726
2001-02-23,-7.650767885479437,-37.67157322224864,-19.001535768391385,-10.482394457344157
2001-02-24,-8.904565715172847,-36.74803159825574,-18.893654571319807,-9.29341648157494
2001-02-25,-9.278586057349797,-39.036093037768104,-20.358658172546978,-9.63649657620134
2001-02-26,-10.077290042445854,-38.826959698639136,-21.752500760367372,-10.666932797761415
2001-02-27,-10.93076424320216,-39.56660154229729,-22.156645649857698,-9.58512229733865
2001-02-28,-11.946399357009932,-39.57610638234513,-23.013276113751363,-9.91778009871085
2001-03-01,-10.089638935709953,-37.88886714041437,-23.119952349695172,-9.299926625184336
2001-03-02,-11.507271486860772,-36.051533603593796,-24.65846831934159,-10.932437222497292
2001-03-03,-13.291228831494672,-37.07424199408743,-25.156223377063405,-12.229173555723051
2001-03-04,-12.119962911831198,-38.11774061342802,-23.431706567129407,-12.403088240999983
2001-03-05,-12.441053000304787,-38.824408460679614,-23.103968391438173,-12.686547263662138
2001-03-06,-11.534034534209775,-37.77874820529757,-22.119171341880794,-11.880601275540448
2001-03-07,-11.071450441587517,-38.6424521033868,-23.19589954060936,-12.172557546874685
2001-03-08,-11.603298859048248,-40.07751546069605,-23.164886978749497,-11.699258238265532
2001-03-09,-11.099122764766177,-41.16103462550542,-24.349403498333366,-11.148704284635347
2001-03-10,-11.134385324012502,-40.9808633504356,-25.60465326125868,-9.155579431778143
2001-03-11,-10.510117518862176,-41.36426427522147,-26.00611406489868,-11.819553680721592
2001-03-12,-10.786343455536844,-40.433147331318786,-26.431512308727733,-12.06249648570688
2001-03-13,-10.751628854157563,-40.28924070234829,-28.11234732881352,-12.634668285225292
2001-03-14,-10.049998792807722,-40.352954100104526,-27.941245287976937,-12.545583923797262
2001-03-15,-7.972297303600332,-40.987093455641265,-27.820460779678328,-13.142514415760033
2001-03-16,-8.777759822842139,-40.49690553796842,-27.38153860195789,-11.760135662026538
2001-03-17,-8.59267435580253,-40.13465825139021,-27.63942275110929,-13.528346316957531
2001-03-18,-7.733853638343826,-40.34453535246843,-27.185204398700535,-14.903831192158393
2001-03-19,-7.430014562529764,-40.29609838139228,-27.448664044997653,-13.896811381281232
2001-03-20,-8.623742659049633,-40.00248038859744,-28.142550377337486,-14.990554201265995
2001-03-21,-6.896285114714717,-38.93122763506897,-29.37482971452521,-15.575997360274217
2001-03-22,-7.548712342855194,-37.35133104979464,-29.201048473542706,-15.303331857832386
2001-03-23,-7.561500849252644,-34.97001259778713,-29.68733154941241,-14.894748118918596
2001-03-24,-9.039147081419841,-34.947354435511066,-30.814308646522473,-15.085108824011856
2001-03-25,-11.087461811806097,-35.03216669080194,-31.143667133932755,-15.316276612491484
2001-03-26,-9.109609918163034,-36.79818793662864,-33.06482435463805,-15.769269616916272
2001-03-27,-9.241514457867497,-37.26521222629765,-32.79806978513194,-15.807210184797231
2001-03-28,-8.203865273134866,-39.1962297020469,-32.66517443172263,-13.66892996035546
2001-03-29,-9.22634386663416,-41.12231068234073,-31.2575964674418,-14.198254592987666
2001-03-30,-8.086088311549993,-41.550786203415214,-29.161200336495934,-15.038476268082754
2001-03-31,-9.060404467184455,-41.991706895806324,-28.41310407801368,-15.073660167426265
2001-04-01,-8.314227963531266,-39.53043746722325,-27.714108637250465,-14.521877961047188
2001-04-02,-8.10782275303517,-41.3534010735716,-28.310085186021993,-13.435119243657079
2001-04-03,-8.96759043736457,-41.90211561943134,-27.51950680859748,-14.769581101723391
2001-04-04,-8.901728525116804,-42.92477331834019,-27.31162453780636,-15.094177674088431
2001-04-05,-9.820456211035385,-43.9796598322611,-26.863117356332705,-14.574257856694766
2001-04-06,-10.777692120990269,-43.86406294033091,-26.292186651795337,-12.965172140085757
2001-04-07,-10.47245967574154,-44.849376182200544,-26.443672204243384,-13.234398099142158
2001-04-08,-10.687581572807657,-44.25160750224093,-27.84719853001301,-12.864602732337705
2001-04-09,-10.335518573876396,-43.35152671638089,-28.62578198851418,-11.368790820119536
2001-04-10,-8.425861690156365,-45.29727946661236,-28.59990530210989,-10.487555259873783
2001-04-11,-8.30238303990899,-45.78818012726944,-28.834644032647493,-9.511562174166404
2001-04-12,-9.32036783199472,-45.307689822301086,-30.39209746412809,-9.576866971870487
2001-04-13,-8.0069148237644,-45.86706022838973,-32.25243092705881,-8.651840795725139
2001-04-14,-7.938374973198346,-46.359356539723485,-32.833775491296926,-8.258276818194298
2001-04-15,-8.283235283691162,-45.6402405300967,-32.682513679416175,-8.938478765747956
2001-04-16,-8.481051146260828,-46.01050725200078,-32.35539701458137,-10.246609890679307
2001-04-17,-9.063424695912987,-45.64326953442668,-31.501380347750064,-10.484442040437644
2001-04-18,-10.317724706333804,-47.132910253152836,-30.334871755346757,-12.091633739547639
2001-04-19,-9.852722847064506,-47.16852474950857,-30.909482486103062,-13.319381959908446
2001-04-20,-9.649571257768109,-48.592364260332154,-31.10125405566067,-13.233023903801236
2001-04-21,-10.595556300894907,-48.51288632658442,-29.860968983984417,-12.397622389307204
2001-04-22,-8.824536223558466,-47.094606313689944,-30.61621065347295,-12.766112691040588
2001-04-23,-9.592446655132045,-47.24285265871275,-30.85067438459683,-12.938219315180438
2001-04-24,-7.484114342457817,-47.44305624332239,-30.766554972492518,-12.880269787588116
2001-04-25,-7.6975623995346085,-48.42698859546766,-32.21903160423683,-13.458767030214545
2001-04-26,-6.448423432344863,-47.70473366060843,-33.10807258014316,-12.523497414015765
2001-04-27,-6.55013837674526,-49.580784337862305,-33.58860698036791,-12.164406503093353
2001-04-28,-8.70939229389004,-49.87281835956557,-34.08191905816152,-12.617654569422651
2001-04-29,-6.872972093766697,-47.69251111329369,-34.9295864385669,-13.07306358434728
2001-04-30,-8.463297274741631,-45.506524273400636,-33.53833945326164,-12.052384463768679
2001-05-01,-7.448537387645169,-43.97537212687773,-32.92730665249193,-11.668753766958273
2001-05-02,-6.449296211872283,-42.4736767143109,-32.705452555216574,-11.597376597308834
2001-05-03,-6.448738918914515,-41.937923559327544,-31.740417833916858,-13.416293833281918
2001-05-04,-5.663595122294669,-42.114931462025325,-30.581624794007627,-12.642802358759797
2001-05-05,-3.2227803045216525,-44.30299888796281,-28.95543117622449,-11.824371848020217
2001-05-06,-4.752059821528693,-43.71576500982742,-28.97981019411579,-12.004723758469563
2001-05-07,-4.396303085987467,-45.491689583966036,-29.07397081599943,-11.571468039963143
2001-05-08,-4.7129116933001916,-45.98968617224133,-28.80774971108717,-10.910147371864149
2001-05-09,-4.552901958803887,-45.56217916121663,-27.947472720337792,-11.59142243719419
2001-05-10,-3.9320902466608434,-44.20997974624979,-26.452966940090104,-13.466136577064376
2001-05-11,-3.3602714409456294,-46.302599130588284,-25.922690539396637,-12.240851225021927
2001-05-12,-2.9722877095074276,-47.608731322646456,-25.6816856129115,-12.490260402999494
2001-05-13,-2.0438599834603286,-48.78317563609953,-23.6845400423662,-12.19197508181432
2001-05-14,-1.2506964717523679,-50.203358222331794,-22.718996220411714,-12.32960527814465
2001-05-15,-1.1424725455994291,-50.07303577112483,-23.472385393587174,-11.50859351542473
2001-05-16,-1.4866374382735492,-49.635352482079306,-22.520747227051697,-10.757523653936333
2001-05-17,-2.08563166798156,-49.776006823132406,-22.17157806618228,-11.723321836314502
2001-05-18,-3.6497726689451264,-48.48272525501063,-21.19311090051143,-10.838069425502173
2001-05-19,-2.4802962803626745,-49.386136181738415,-19.42155736979773,-10.396124070954595
2001-05-20,-2.502741293916261,-49.65208943209737,-19.533925993401677,-7.520958920507611
2001-05-21,-4.071644819838365,-48.148548997381745,-20.21492636743138,-6.956030373715794
2001-05-22,-3.542602508026401,-47.74595318358181,-20.359521105375425,-5.353341721636221
2001-05-23,-3.2053000819124753,-47.0260370933261,-22.31484848216351,-3.5435832161120997
2001-05-24,-3.11820169715683,-47.93454685333059,-22.108131924524162,-3.0914839883178575
2001-05-25,-2.5440201737135997,-46.7798412832266,-22.703084455213236,-3.4994747591191033
2001-05-26,-0.2588047593765199,-48.08419031079836,-20.89815399083994,-4.258432716696717
2001-05-27,-1.1128512226375658,-48.134667383046,-20.873023544642326,-4.899558087393373
2001-05-28,-1.4273193644549256,-48.19317861806746,-20.331974936059687,-6.059068809081004
2001-05-29,-1.4532856377620273,-49.06480715958584,-20.361763321866658,-5.990769276258456
2001-05-30,0.15702638606605168,-49.968117401472355,-21.38922979091403,-7.278077951802497
2001-05-31,-1.0372715306092841,-49.45427611589925,-21.424353510859728,-6.482730073870461
2001-06-01,0.0040063625233572875,-48.57262246270771,-20.437789719561554,-6.580184826794973
2001-06-02,-0.4186944863610968,-47.8639116299597,-21.162266217401832,-5.481655401513626
2001-06-03,-0.06715369863608611,-47.53639467839042,-22.359472667817442,-4.792376391478072
2001-06-04,-0.6483560208114899,-47.20915588962892,-20.898785644826955,-3.5300200411640983
2001-06-05,-0.652020768733823,-46.68666795309238,-20.085906645195575,-2.353753782991186
2001-06-06,0.2989935943969598,-45.41650657623244,-19.6716834893521,-3.037798740641295
2001-06-07,1.1212303975984554,-45.34027032189335,-19.121362112549058,-4.2548579029577684
2001-06-08,1.2789210989106587,-44.920681706747175,-19.055001106954276,-4.225930115744139
2001-06-09,0.41015948772977917,-44.034850835402764,-18.93577668742159,-4.656845355187783
2001-06-10,1.5547770661815448,-45.43529052703896,-20.40788428566328,-4.201936261473325
2001-06-11,2.081826680622293,-46.770082947343695,-20.146890121033838,-6.6375012711297865
2001-06-12,2.993760002519541,-46.03399558374872,-19.85851124945783,-7.632227817547734
2001-06-13,2.982922844779981,-46.333813510442894,-18.58224010792524,-7.658519284896564
2001-06-14,1.6188870097751178,-45.87968627041967,-18.083707149532927,-9.48840620169998
2001-06-15,1.8943936645191426,-46.731483218927316,-18.16865776354653,-8.471314861497069
2001-06-16,0.9405809207016773,-48.25411050690413,-16.704353973871857,-7.418100994258066
2001-06-17,1.0854934160524263,-49.511216902502035,-16.54324282209404,-7.94091177224869
2001-06-18,-1.4115908429299902,-50.09914321476987,-15.580395115166647,-6.2145571699392015
2001-06-19,-2.366366340347468,-49.029116002936505,-17.25635720397867,-6.211553226695125
2001-06-20,-1.4286454332224892,-48.40478447581439,-16.706987891894105,-5.402589663629296
2001-06-21,-2.7474407880429235,-47.94748211524362,-16.01221539786378,-3.8387864326687353
2001-06-22,-3.3171500232905053,-49.93457221278998,-15.543703202063881,-2.70939956736171
2001-06-23,-2.827932266073995,-49.3231363421484,-15.77583457898295,-3.2232700268715475
2001-06-24,-1.1505010934562747,-49.29116521947556,-15.624667067185777,-4.187135724074727
2001-06-25,-1.449272548056585,-49.99847638592647,-15.493608185694669,-5.050476297475767
2001-06-26,-0.9788512601723295,-49.766850303241824,-16.088849785497153,-5.041143047680378
2001-06-27,-0.8770861312873006,-49.60608115170019,-14.982993170319013,-4.009172938527966
2001-06-28,-0.9731936439005126,-47.892136811306216,-14.455327866649833,-3.830073764165783
2001-06-29,-0.5593072049097141,-48.37002367665175,-15.585371311026396,-3.0598325707476652
2001-06-30,-0.9445808535114188,-47.887980303643985,-16.730014528792033,-2.5091070863198084
2001-07-01,-2.3656071534312746,-48.18016094563455,-16.942727283916515,-3.1605928831924697
2001-07-02,-1.4039066571248735,-48.944229485718516,-15.102983466286855,-3.646925794087137
2001-07-03,-0.2834236678537203,-47.78525783355697,-14.142434826721868,-1.3595432381803767
2001-07-04,-0.6162457912204256,-48.8349461828604,-13.10868314030104,-2.186788033991842
2001-07-05,-2.031858999413358,-49.72582307851673,-15.438430768020732,-1.986831904814574
2001-07-06,0.2389080563570105,-49.164166275272805,-16.82730621453734,-2.665671771259846
2001-07-07,0.7007523171024769,-49.82372689102441,-17.392177632821603,-2.8562761687913363
2001-07-08,0.8427665954223538,-52.0357634831555,-17.320309132349635,-1.9707327736736082
2001-07-09,0.38918520675272755,-52.95381262645423,-16.824598454016304,-2.901670318839546
2001-07-10,0.8526451220011364,-52.44524631377422,-15.931654558122771,-2.8705021516006743
2001-07-11,1.8654697063942378,-52.636849054809005,-16.743963535302807,-0.5215898674979522
2001-07-12,1.6831382125123215,-53.01710962029241,-17.549123467661556,0.7506541751767934
2001-07-13,2.581120820977393,-52.847057688425096,-17.092261698130507,-1.2530782285904998
2001-07-14,3.2467471025250525,-51.973447881029884,-16.49250938361608,-1.6760006276461787
2001-07-15,1.3687229544222952,-52.348240504307654,-17.449171037227313,-2.2161483842204515
2001-07-16,1.9483113169683497,-53.93227084464957,-19.725623596566994,-3.547311505985721
2001-07-17,4.473507266026482,-54.134015360377106,-21.61308125470917,-2.4266781052871513
2001-07-18,4.825038687645303,-53.08237858578104,-21.20509170934497,-1.861674321369212
2001-07-19,5.201353351328245,-51.69916245435383,-21.274919096404826,-0.8357800514021319
2001-07-20,3.2173428645244164,-52.1135237819853,-21.604664320835145,-2.6416497733327557
2001-07-21,3.1679422297275166,-51.88657778292004,-22.875543001826667,-3.0024377731013114
2001-07-22,2.1589099585432594,-51.16020856839909,-22.136790892616663,-5.1518024341382205
2001-07-23,3.790519453299959,-50.63648778912307,-21.816513693353706,-6.934742349628419
2001-07-24,4.603273975498219,-50.31934473295985,-20.986396647498513,-8.260212786151865
2001-07-25,4.05924613073383,-48.924976200984865,-19.063403164161794,-8.69199064070665
2001-07-26,4.425342717044136,-50.48364942563839,-19.0439900809164,-10.625943248628278
2001-07-27,4.6275598666550595,-52.12063907177443,-19.703668076341607,-10.389190032270017
2001-07-28,2.5178861032659845,-51.94489910129821,-18.521678615194137,-10.678704715975298
2001-07-29,3.2491769637471317,-51.60384630559798,-18.365843001034676,-11.024011458712764
2001-07-30,0.25160412881976146,-50.659836037200385,-19.089540124136892,-9.998754372753472
2001-07-31,1.3175911703187804,-51.07266816792775,-18.18229507550465,-8.64350638285918
2001-08-01,1.3591745443382768,-52.46267116428615,-19.053367142278695,-7.51259673112578
2001-08-02,1.5170290478471085,-51.714676069636354,-18.765497449477667,-7.2611326652149
2001-08-03,1.6461951004697983,-52.550142999851914,-19.152977573198402,-7.537303864719545
2001-08-04,1.5051095090512185,-52.18343218129105,-17.005007191136333,-8.182180449144413
2001-08-05,1.9976418383917371,-51.66464742986378,-16.615411227772398,-8.475252963211812
2001-08-06,2.292299950643187,-50.403906403539764,-18.63479225466768,-7.767412674253378
2001-08-07,0.8861704858273964,-51.10268138070219,-19.846550643627086,-8.238658850549596
2001-08-08,-1.5832383658697244,-49.51039480856097,-20.524344921547016,-7.078732490361862
2001-08-09,-2.009722046803948,-50.959190612384155,-20.4726722218511,-7.3448637078639765
2001-08-10,-4.553579683036928,-51.81170472247688,-20.86863072133512,-7.692792077833376
2001-08-11,-5.671170823952561,-51.64100285993298,-20.167177791338027,-8.0133882015496
2001-08-12,-5.446033145671218,-51.01828571189208,-19.52813131652154,-7.083216996588702
2001-08-13,-4.977654195028549,-51.91282489872915,-20.04445043053116,-5.843077001419676
2001-08-14,-5.052936205518093,-51.19099350338608,-19.454060234590468,-7.101999674505819
2001-08-15,-4.970651512172193,-52.36411308786796,-17.89837122492481,-6.448429993222762
2001-08-16,-4.763801627806267,-51.75145352831444,-18.574819176661325,-5.683244469310576
2001-08-17,-5.49647577836576,-51.11715621629506,-16.494403511146423,-6.276779489809428
2001-08-18,-5.849765567387585,-52.88251176041589,-15.81862348119853,-6.05151489688659
2001-08-19,-4.168057858791527,-52.29716240732646,-16.44271452798388,-4.5557765908819725
2001-08-20,-3.932895921518826,-52.51485115973205,-17.047561932144383,-4.919703060081718
2001-08-21,-5.930886800598222,-54.10121288598511,-18.5874421500005,-4.643754345375414
2001-08-22,-4.164497159515451,-55.31748653544411,-18.668742091333247,-2.9473484854873706
2001-08-23,-4.589644850442334,-55.13009535355133,-19.288152324849463,-2.421030455454358
2001-08-24,-4.932239709238153,-53.55753836228166,-19.42255887410862,-2.3717281677022433
2001-08-25,-4.106190697060772,-53.92592509913474,-17.79224947885203,-3.2432340475207897
2001-08-26,-4.463118507672228,-53.47170743609964,-18.215540420749505,-1.8071472027642055
2001-08-27,-4.707262459050276,-52.65943325266409,-18.14433167723522,-0.887318500773024
2001-08-28,-4.681150100028947,-51.4609158633566,-19.15670757058235,-0.6236574375043644
2001-08-29,-3.5492972216596006,-51.54908858164644,-18.584499548996064,-0.35443670962544394
2001-08-30,-3.9569696741276923,-51.449358054905794,-18.198418947751854,-1.1749026217214937
2001-08-31,-5.293990506028361,-51.078303156941956,-18.095882056649977,-1.7125968486204453
2001-09-01,-3.9573482678072303,-51.925211572806894,-20.37787901025939,-1.9278080860890972
2001-09-02,-4.460056905818995,-52.02260762897473,-19.52977246736175,-2.869939860259898
2001-09-03,-5.239582805217699,-51.777311652293676,-21.353374541834444,-2.1071829755481737
2001-09-04,-6.151666163831252,-52.5602911355119,-21.15299819376884,-3.0958274512410755
2001-09-05,-6.598748509673023,-53.25186578694684,-21.872125142802382,-3.716497306009731
2001-09-06,-6.169107342176469,-52.75882780396775,-21.88946509066399,-5.054861755914007
2001-09-07,-4.942916602001467,-50.51052339826449,-22.90570228404078,-4.051806297270218
2001-09-08,-6.244869903987272,-48.68817662375722,-23.49881687325552,-4.801348471908634
2001-09-09,-7.816775100350494,-48.37933424210148,-23.773444556656234,-6.5000982381906605
2001-09-10,-7.0716942974819474,-47.38861198415579,-25.308548787639335,-6.922289602197749
2001-09-11,-6.995484178008495,-48.87244099497827,-24.601335561796017,-6.854372094814651
2001-09-12,-8.270764253558983,-48.43685078979718,-24.582265389543597,-6.386534538543837
2001-09-13,-8.691772797664767,-48.3089307200508,-23.21486764678785,-6.207542356147233
2001-09-14,-8.457505912167628,-48.67736680354651,-24.782421291631422,-6.793999286733396
2001-09-15,-7.640586512491267,-49.39403697218461,-24.54439875240423,-6.052660328208622
2001-09-16,-5.360059288317188,-48.23132481441902,-24.42365727186675,-7.65195405575334
2001-09-17,-2.970249257071408,-48.09032029478745,-24.672318650355145,-9.09776043615639
2001-09-18,-4.140783303016831,-47.28812098478799,-23.982657220652854,-9.533902892184699
2001-09-19,-5.215133306452037,-47.492366165679165,-23.183403437661916,-8.373990645729386
2001-09-20,-5.236124232162204,-48.267762226838826,-21.69319664650363,-9.047442047407891
2001-09-21,-4.4450393961041135,-49.49910263661754,-21.880050320224154,-8.78751215075264
2001-09-22,-4.75710279037099,-48.26807238365647,-23.712361765996526,-9.36601738524913
2001-09-23,-5.184792602718279,-51.36775697509022,-23.61471709461252,-10.629384164542905
2001-09-24,-6.230280594834214,-50.791639323777815,-23.585717203644105,-11.049069584740536
2001-09-25,-6.908030890426083,-49.47247892772837,-22.309281598792268,-11.865896556774214
2001-09-26,-6.8737314978699455,-51.01720322195598,-23.15775181274061,-12.587323302984466
2001-09-27,-6.228498638956866,-50.15493117573109,-24.3715062129377,-11.353043432532708
2001-09-28,-7.177792309084725,-50.67280780667995,-22.499627864300965,-11.091670189495131
2001-09-29,-7.523947598691286,-51.44303440803563,-21.516993932568337,-11.761183207362736
2001-09-30,-7.7099274450253095,-49.945187769251405,-20.152507736566847,-9.705071922700732
2001-10-01,-5.641058566927587,-48.03568562400888,-20.23973086459701,-8.786506294439185
2001-10-02,-6.343363156751792,-48.23494654323497,-20.87869902804114,-8.726388351185467
2001-10-03,-6.371723834743389,-46.87043807369282,-22.498051722225703,-8.33245846780118
2001-10-04,-5.62890156170126,-45.46570711201898,-22.528482519958175,-7.195903168606579
2001-10-05,-6.1440544512790884,-45.264901853168524,-21.32567124962278,-7.113706528184915
2001-10-06,-5.00152267197733,-45.83724884772022,-20.74844001115454,-6.994359975087225
2001-10-07,-5.2169660317371696,-44.57178826429395,-19.34309658707816,-5.994952749592039
2001-10-08,-4.449709251094816,-45.43831895026902,-18.037404505769306,-6.276551632410906
2001-10-09,-4.60281310639251,-45.58892606397259,-18.74041066328727,-6.481972226775437
2001-10-10,-2.4747852386776645,-44.58192744541182,-18.245237880444467,-6.311024317854705
2001-10-11,-1.1144893292740723,-43.66421871158462,-16.855450552877144,-6.575009400027596
2001-10-12,-0.8071439670540059,-44.3761348802578,-16.923757938755674,-7.458095305365783
2001-10-13,-0.1832065168979261,-44.612382830307624,-16.180738583554415,-7.086378207331437
2001-10-14,0.6856869889862848,-44.28818004348646,-14.591490060299384,-4.63412620575197
2001-10-15,-0.7469566561672895,-44.77736595987031,-14.607383330034914,-2.8690552235902755
2001-10-16,-1.3786883461832171,-44.46583099860618,-12.82481689600379,-2.484595112513764
2001-10-17,-2.7229840627628357,-44.733020125683524,-12.611458120672516,-1.8834536790407133
2001-10-18,-3.3308513492969865,-45.03278017667162,-12.656126334960607,-2.420522834414171
2001-10-19,-2.3611323323778155,-45.90703064309793,-14.645233573799985,-2.0486680914447346
2001-10-20,-2.0127333315553786,-48.48543981106906,-15.25966436785151,-2.793820271275728
2001-10-21,-2.621178666929102,-49.37617152952683,-16.095584114479838,-3.3676574345274006
2001-10-22,-2.9885763430831034,-49.17061045804518,-15.631695405292147,-4.190374887542966
2001-10-23,-1.8458258271331263,-50.48276408637824,-16.229457488983176,-5.048852684939694
2001-10-24,-4.089564382089876,-50.79668138802797,-15.590393037563715,-4.452757247601815
2001-10-25,-3.168747370216965,-51.52673114547478,-14.952865136243195,-4.76212451082998
2001-10-26,-1.4137631630978689,-50.72289411920588,-14.243132656047234,-4.414134209826216
2001-10-27,-0.7937840741212727,-52.620488202384145,-13.550263041675455,-5.5153781962362185
2001-10-28,-0.3919668128956875,-53.27435533609101,-13.28008117641397,-4.443239264999766
2001-10-29,0.02511374826147922,-52.91004156734832,-12.904823362031774,-2.6071821511285647
2001-10-30,-0.4329788150501788,-51.62383443086337,-11.269890581776512,-0.28686837296162837
2001-10-31,-0.3382130547750924,-51.71009602755625,-10.39697071861131,-0.4869776961435889
2001-11-01,1.4064149142297104,-51.8672865783933,-10.26582602264003,-0.9333287906896743
2001-11-02,0.9546248216218662,-51.91633729582391,-10.7257710498303,-1.1611818098923032
2001-11-03,0.6145755471149046,-50.84091331542597,-9.841675875596504,-1.5552954165969963
2001-11-04,0.3864746816642205,-51.44725472201378,-9.756343276334512,-2.0190263316427233
2001-11-05,1.3236596548512902,-51.00526764179338,-12.107688576453716,-1.872149513244664
2001-11-06,0.8838674638254064,-52.09501571229024,-13.303911951836362,-3.0219401861670816
2001-11-07,1.0140680280741794,-50.36612389578256,-11.792591163184262,-2.789858588545848
2001-11-08,0.8214075620170458,-51.41237108794235,-12.409161608689823,-3.559462360739991
2001-11-09,-0.5468533324778346,-52.91396091455532,-12.126617501077172,-3.4762534350954284
2001-11-10,0.6817901880379258,-50.69680239909977,-12.260173714225015,-1.4686185911623513
2001-11-11,-1.4239596790813482,-50.66226995638609,-13.04491909347605,-1.6893644448073508
2001-11-12,-1.9344721281069641,-51.55735350522217,-15.141769527161976,-1.588985294752399
2001-11-13,-3.461230126165753,-50.27414700320342,-15.424493169826697,-0.1638155933882386
2001-11-14,-4.934273804100411,-50.63542072782652,-15.780922309034398,0.8236763706736431
2001-11-15,-7.084692836996396,-50.33910316479417,-16.58517567285788,1.611586043531676
2001-11-16,-7.922270217451375,-51.728353321905566,-17.243922273438862,-0.21342250443901634
2001-11-17,-8.916829909393158,-51.48756843009829,-16.2826331201079,0.8290093844000521
2001-11-18,-10.47491028723539,-52.60517401628402,-17.1049138305215,1.43744275119105
2001-11-19,-10.704809153002891,-51.74459282449474,-19.116840816840593,0.7935315228421835
2001-11-20,-10.343609638747123,-52.30350161399174,-19.491137342545098,0.47015892488786615
2001-11-21,-9.508105680556103,-52.93303663735431,-19.356006937315282,1.664501790334035
2001-11-22,-9.140778637201638,-53.412712033003636,-19.377328378434843,2.5079131432726776
2001-11-23,-9.181314851007443,-52.93740293612216,-19.504294635806634,1.7278245083916817
2001-11-24,-9.325088963490082,-52.87175095955197,-19.04210526854647,2.4721467046227694
2001-11-25,-10.053123235697026,-53.331829395066706,-17.762361951649197,2.646141965734315
2001-11-26,-9.989004864655206,-51.16841644345538,-17.069429203964944,1.7282766408474477
2001-11-27,-10.637790191840251,-52.444703418106776,-16.67750072917783,2.1323701467788094
2001-11-28,-9.849408608839061,-53.99298791285145,-15.188538443687495,2.1851136815608916
2001-11-29,-10.292896595512632,-54.373741490929895,-15.146017220014288,2.527466343615715
2001-11-30,-11.451181614591269,-53.45151904460185,-15.159032618408109,1.9646751141112997
2001-12-01,-11.542486582661322,-53.04613776692686,-15.065906546508938,1.9291747913450077
2001-12-02,-12.23312913003101,-54.144782393480334,-14.783438533028521,2.6925174165715187
2001-12-03,-12.85685734642682,-53.30418705347395,-13.776435832600216,2.6142047910534116
2001-12-04,-13.61335216716879,-53.86272202326358,-12.60286530566916,2.3042954977454246
2001-12-05,-12.767773529878836,-54.72222214122485,-11.704598720633912,2.9052957790792373
2001-12-06,-12.859175414386879,-54.57103169289014,-11.839269234321277,2.007444463744941
2001-12-07,-13.857249377971618,-55.067464507184724,-11.609298824703165,2.3631881756110316
2001-12-08,-13.581052259700524,-55.31152076835557,-11.439528243498836,3.3334502730372138
2001-12-09,-14.883772366115002,-57.28885835215979,-11.02620067059922,4.023207281993805
2001-12-10,-15.566038992549531,-56.71445556873753,-10.102444847908993,4.517901329263621
2001-12-11,-17.217097185132896,-56.190862292070626,-7.584844436838041,5.747581184500632
2001-12-12,-18.967315703511126,-58.22736297433486,-8.097845978943289,6.207448099998008
2001-12-13,-18.819962004184152,-60.17407296880528,-8.573020050783088,5.739218142264299
2001-12-14,-18.007639368746304,-60.03695733669372,-8.252085979267706,6.2939772370351905
2001-12-15,-18.66673129590855,-59.77364747021121,-7.008785868305267,7.812946466769425
2001-12-16,-18.601778894130806,-58.527396030787806,-8.183765953240542,9.612042481658388
2001-12-17,-19.29438726379862,-60.54277769947349,-9.942582880507961,9.677249106647677
2001-12-18,-19.049465313097777,-60.218684480106084,-9.443590676138449,10.01107768138141
2001-12-19,-19.028732969641606,-60.71716135537914,-9.118069527819038,10.99264346336314
2001-12-20,-18.109399641690096,-59.11372834127935,-6.818278942564324,9.975510321658657
2001-12-21,-18.64457746836767,-59.26434086683437,-7.089823956444223,10.052371646101124
2001-12-22,-20.57915779891845,-60.06073502095704,-6.686646173715654,7.2699629670966965
2001-12-23,-20.771921980364244,-59.99285398786155,-8.072630995321687,7.193608211393541
2001-12-24,-20.089543431934107,-59.616736933808085,-8.995545530302232,7.261944647186705
2001-12-25,-18.70648178385847,-60.30712854571794,-8.314155212700783,6.6221098886271985
2001-12-26,-17.562122725343187,-60.798389893757076,-9.038772772336506,8.126800056488666
2001-12-27,-19.917171807241722,-60.419889213155656,-9.245485004929725,8.25705457535044
2001-12-28,-21.65247088213955,-60.26307727787595,-9.064631411099933,8.678695187770735
2001-12-29,-22.08305817676588,-58.08163876412581,-10.323305302000788,10.07724689498223
2001-12-30,-22.183893730272846,-58.77486847028737,-11.897216507574363,8.137271318460504
2001-12-31,-22.779679382258514,-57.52017615986911,-12.672022272864739,9.228090912944436
2002-01-01,-23.201976892518474,-57.271134077015994,-12.941759801232077,9.608991409831921
2002-01-02,-24.217120350569708,-58.66254268796956,-13.138659254684558,8.372713203105867
2002-01-03,-23.98267216513206,-58.52283330653714,-11.995989411212184,9.465684204213801
2002-01-04,-24.074274818172597,-58.16014749555845,-13.024073182546879,9.189134957635092
2002-01-05,-23.56378523268677,-57.87494545859546,-13.27237961075811,10.479745015695494
2002-01-06,-24.29280672600728,-59.37997506949703,-11.424402810970198,10.984956316130324
2002-01-07,-25.058278529058242,-57.83485421792533,-12.043727137199909,11.1466469556701
2002-01-08,-26.283850829522947,-57.05119718141676,-12.612950745150323,11.780357362219037
2002-01-09,-26.453222355265456,-58.00309728463549,-12.792503023250923,12.189055687176657
2002-01-10,-27.092339564248107,-57.3417355551594,-11.13542953829171,13.2305018934182
2002-01-11,-26.54299974224355,-58.054145420168226,-11.645217947511185,13.790197673550946
2002-01-12,-27.63560248094036,-59.65831117526783,-13.210074134891586,13.018266752046493
2002-01-13,-27.00197347131398,-57.88060932737011,-14.827414563195925,13.653044718982791
2002-01-14,-26.958263720154918,-56.7617728877046,-15.577316433889976,11.68909003820917
2002-01-15,-25.75306100776885,-57.92360702817689,-17.930869901719205,10.741346362221456
2002-01-16,-26.62588228583991,-58.3159416841436,-17.925936734734766,10.470858878972418
2002-01-17,-26.83051191421854,-58.87271552290057,-19.243167521180773,10.949470035882571
2002-01-18,-27.74890015512194,-58.51616668039028,-17.897530479081126,11.937269765782284
2002-01-19,-27.078554425154078,-56.22728597368263,-17.98062073802717,10.393950848121934
2002-01-20,-25.411259984765422,-57.074118775117476,-18.674500823192137,11.087047020349281
2002-01-21,-24.000360993055374,-58.93674168503356,-18.344473207174058,10.738420623992296
2002-01-22,-23.77983354171035,-59.12064131895829,-17.95329442355046,11.17907123064546
2002-01-23,-23.311696990865055,-59.37597112208595,-18.720351074760625,9.938319134571174
2002-01-24,-25.217867803372208,-59.51507611496825,-17.025582068237675,10.67910083200222
2002-01-25,-24.46215631407328,-60.70761679403789,-17.67907704576769,10.67963981105108
2002-01-26,-24.00574633289107,-62.15079801114807,-18.451561360724085,12.782377642521196
2002-01-27,-24.49557945649172,-62.585171229630895,-18.13122280145221,16.00038694446451
2002-01-28,-24.724331123986804,-62.481927845376255,-18.380944461440755,14.991119698506164
2002-01-29,-25.256735700902347,-61.95532992431885,-19.078192388038072,14.461030611323277
2002-01-30,-26.688717634367226,-62.62011662071731,-20.510395969053043,15.122231661680642
2002-01-31,-26.37470646198199,-63.17870140656869,-20.054692761466754,16.46423917949737
2002-02-01,-26.858169929919573,-63.199022324441,-18.85769629101548,15.584233907224606
2002-02-02,-25.849010142901076,-63.26560426813053,-18.439761743021485,16.14949760624761
2002-02-03,-26.268522526301055,-64.14757426212725,-19.58902887534091,15.526282285786165
2002-02-04,-26.604214614384023,-64.30862800465016,-22.29406762980898,16.54853650568444
2002-02-05,-25.458474511785273,-64.90731715616046,-21.63700874533288,16.20598336587353
2002-02-06,-26.528125780832976,-64.93302518657076,-22.129443338790807,17.32065779032771
2002-02-07,-25.309816939538585,-65.23530376018226,-22.592580156272867,17.067609624229934
2002-02-08,-25.06300582173863,-63.66018180506325,-22.917001533764402,18.137323176377933
2002-02-09,-24.317451804800573,-65.01450095847524,-23.27047766770883,17.72614593033899
2002-02-10,-23.347061704564336,-65.28532465460674,-22.043621447506986,18.56270256605614
2002-02-11,-23.135023089867698,-65.8618125000725,-20.808632006794575,20.564403592292077
2002-02-12,-21.868634612254628,-64.94835287653552,-18.25479230827958,21.19392343796495
2002-02-13,-20.598222609680477,-64.62423447696725,-19.30472485285212,23.02908097390192
2002-02-14,-20.84319069575057,-64.28732505467994,-19.92981967748917,23.06892811089925
2002-02-15,-21.036657171922503,-64.49617528818871,-20.474608694715375,22.449866455226715
2002-02-16,-19.86803598942333,-64.71775008444955,-20.889233583800703,22.18676502126733
2002-02-17,-20.278411880467882,-65.19114040552054,-22.47839999294466,22.900143114561402
2002-02-18,-20.86368422461503,-65.76040944045448,-22.87375601654798,21.355952208154992
2002-02-19,-20.83802152853787,-65.0354171192518,-22.19630544704915,20.885829302327778
2002-02-20,-20.7002754120526,-66.23792107699913,-20.6411375125745,21.660113344815034
2002-02-21,-21.592267680559697,-66.84631166056832,-21.063360058283195,22.49088158502692
2002-02-22,-21.026956517076908,-66.91570400172543,-20.983895595000966,21.270120595134962
2002-02-23,-21.691910031556787,-66.75359165946415,-20.599388042353233,20.617457030183026
2002-02-24,-20.824706964600285,-65.48474052773408,-21.114465350455085,22.57908702701345
2002-02-25,-19.75655038012058,-65.1992724012769,-21.45015680957614,23.63492962953192
2002-02-26,-21.837858663171446,-65.60045849591478,-21.54719906958329,23.163495563372155
2002-02-27,-22.00373892170477,-63.74332545370143,-21.89232543121674,22.988482308086038
2002-02-28,-21.34071435064431,-64.05738567570941,-23.047466161279697,23.35751777096597
2002-03-01,-20.267394489080694,-65.50755813607213,-22.223350290611958,21.73503872885574
2002-03-02,-20.494297431326395,-66.57711580415042,-19.224283551087584,24.048132757999706
2002-03-03,-21.819965110911593,-66.79905705678017,-20.021991719042386,24.499628170283124
2002-03-04,-21.804764474015947,-66.72093389934201,-20.03073971790796,25.520263240725562
2002-03-05,-21.33645564123167,-67.69083132665807,-19.577222350153548,25.92155780365399
2002-03-06,-22.337506186685474,-69.17913992892369,-20.096705578987596,27.668292704373144
2002-03-07,-22.271255359215413,-69.3838880870793,-19.29884870692015,27.55004120659882
2002-03-08,-22.200495369574195,-72.62455646458183,-16.477414993703746,26.07522429419338
2002-03-09,-22.962052626787408,-71.90022777049788,-17.78893652064499,26.909479257606602
2002-03-10,-24.512689100103007,-71.03492452548448,-17.22687356772594,26.12693003526513
2002-03-11,-23.713450910989113,-70.12999422323146,-15.054043890299887,27.110964981815453
2002-03-12,-23.54996999332126,-70.10245473751932,-15.768830496203652,26.943474925437044
2002-03-13,-23.607940937223194,-70.66124326122504,-15.553941168987667,25.631537085717234
2002-03-14,-25.620746584747458,-70.34964997045662,-14.851660653817168,25.731750478363804
2002-03-15,-24.812764584737632,-70.79050260429023,-15.730823600355684,26.690410422349764
2002-03-16,-25.83026466094346,-69.72517605817337,-16.784543037831472,27.345949751086163
2002-03-17,-25.947698167024388,-70.45419966586476,-16.755197398228585,24.812000710060822
2002-03-18,-25.086343768271483,-71.03847045199555,-17.64112695620117,23.403462994946178
2002-03-19,-24.240101327039802,-70.98925850329283,-19.427582008674662,25.630461257279045
2002-03-20,-23.6894465739679,-71.16639589881494,-20.330587199516618,25.5564718042495
2002-03-21,-23.964318176628765,-70.46999169964246,-21.622724942647437,25.65106658352922
2002-03-22,-23.388561888826885,-70.25331622916433,-22.647247938514745,25.17062815289445
2002-03-23,-24.725182356360037,-71.18328517270099,-24.511858265794224,25.64267361298035
2002-03-24,-25.32968377762526,-70.85184673424669,-25.071199301089347,27.392907677016805
2002-03-25,-26.258235367120328,-69.18028421027688,-25.866480394165418,27.810502049664695
2002-03-26,-27.29630256553616,-70.12199714385541,-25.472357772894597,27.61439741775756
2002-03-27,-25.868495212643978,-69.25035303050498,-24.749492547507593,27.962237989674364
2002-03-28,-25.999826799499125,-70.10449919929003,-25.461462791556883,26.487224825515472
2002-03-29,-26.332379666459655,-69.90377448767207,-25.15128982549911,25.497123300374696
2002-03-30,-26.216089466368054,-69.92370370557214,-24.57613227282504,24.448800187883243
2002-03-31,-24.52209169142525,-69.8453561642869,-24.7760366043865,25.729889838414852
2002-04-01,-24.62916302435679,-71.41229040388505,-27.729574683520852,26.309878079555723
2002-04-02,-24.40009041087843,-72.02767226947822,-26.999358853141125,27.013594140339883
2002-04-03,-23.518385883549243,-71.29941171715063,-23.915371575242283,26.013784728354043
2002-04-04,-25.22480778150935,-72.68008640023439,-26.709778138910043,26.21361417026004
2002-04-05,-24.750566989172466,-72.71896059434224,-25.8627943285012,23.80348649749412
2002-04-06,-26.77520921511051,-74.50340940244031,-23.228090698553867,24.174669656468012
2002-04-07,-27.744500480558283,-74.93707076289255,-23.100084958004558,24.000030679906178
2002-04-08,-28.420132256928724,-75.63488536386632,-21.61223202106661,24.041054857596922
2002-04-09,-28.21482171083419,-74.55441963869096,-20.17199922366596,25.172688066358784
2002-04-10,-28.4985496975177,-74.01939545126974,-20.673279403404223,23.727169788184018
2002-04-11,-27.427095360232776,-74.11910479217087,-20.03683417072679,22.73547712203521
2002-04-12,-28.069024018265466,-75.07170184852276,-19.26116830035238,22.878499094396027
2002-04-13,-28.00818759309551,-75.48263284992075,-20.99665169776284,22.054421850917375
2002-04-14,-29.166922058846943,-76.30096468542324,-20.619376792813636,21.98027710046686
2002-04-15,-29.63159105779249,-78.24971581612438,-20.019930424892728,22.554515984862405
2002-04-16,-31.064915672837547,-79.67660699001307,-18.12198420343131,21.662317904014767
2002-04-17,-30.56081281260668,-78.58702571256633,-17.344031650734575,20.987775116790655
2002-04-18,-29.34594496734276,-78.38177213223176,-16.60767183763404,20.043682104730927
2002-04-19,-29.00372770021997,-77.76163795197515,-15.33585680417196,20.167827840212077
2002-04-20,-27.870866599601698,-77.73061140237782,-12.488387992021101,20.259881333426552
2002-04-21,-26.512024418477978,-78.02400876516171,-11.895855143700329,21.70444477494104
2002-04-22,-27.388269959365605,-79.2720216935996,-11.093750657587584,20.2409140269819
2002-04-23,-26.835719508439986,-78.72215974336885,-11.793398152606665,21.621420652178333
2002-04-24,-25.12696906842087,-79.30010502765157,-11.843019127106167,19.837146501763854
2002-04-25,-25.773775325896022,-80.444534825502,-11.027037508835422,18.003766918476853
2002-04-26,-23.493861622978958,-80.57376890715955,-10.746574960534145,18.924416748502193
2002-04-27,-22.867496286807903,-80.25146412146603,-10.891171038321485,20.15177961457426
2002-04-28,-21.3371355440483,-78.59928394837065,-9.156525931640182,22.025490350360066
2002-04-29,-20.233364024341824,-78.65842511007283,-9.871223863994867,21.324273014404163
2002-04-30,-22.25136080835348,-80.63701622171506,-10.269474102322299,22.50984597355309
2002-05-01,-21.610812033018824,-80.12412145616608,-9.67811847563417,23.146765360924956
2002-05-02,-21.78623663193357,-81.06200970279284,-9.242577706915734,22.763991037372342
2002-05-03,-22.239348114163064,-80.54048885485291,-9.44121092948277,22.769941857369187
2002-05-04,-23.12545877933909,-80.86560823881973,-9.342986948787818,21.360068740572096
2002-05-05,-22.765607735910205,-78.5181950514458,-9.219116905847411,22.49508842983813
2002-05-06,-23.613303886832785,-79.54855532005871,-8.788442699689869,23.664228373963397
2002-05-07,-23.249651501735734,-81.27914414413544,-9.656559468624954,25.409996169853464
2002-05-08,-21.92950155625382,-81.34022894179445,-9.792550745188006,25.53141147485901
2002-05-09,-19.608685045886805,-79.7192808743557,-10.82983743936045,23.3228677206701
2002-05-10,-18.354292155061472,-79.99352018927046,-11.541912278849422,24.85186149521481
2002-05-11,-15.863205869812639,-78.77354061494458,-11.940043143783655,23.69751129780711
2002-05-12,-15.24129293482391,-78.24701260030038,-14.054927706799733,22.241124749680935
2002-05-13,-13.698826859754883,-78.30482663893737,-14.678446498110741,23.036431132921937
2002-05-14,-14.016172200298582,-77.25023247387267,-14.676601271985552,22.32256700946296
2002-05-15,-13.8731696050161,-75.48420970167516,-13.5645974598975,22.864898793914428
2002-05-16,-15.333655186142165,-75.12329177838755,-13.091757635068875,23.079929528692745
2002-05-17,-13.478488743786372,-73.69407764947847,-12.824109540261146,23.450592375311757
2002-05-18,-12.906504079126782,-71.77077362398302,-12.993156205601895,22.582095555779922
2002-05-19,-13.694438463817535,-71.68256117392494,-14.70349763764561,23.806149482202166
2002-05-20,-15.499520473459166,-71.9579697194757,-15.057054145854824,22.41616364328896
2002-05-21,-15.625557731690282,-73.34346768864923,-15.825719005779268,22.101578260516316
2002-05-22,-15.693497667368437,-75.26962245381378,-13.959079380515854,22.245807650784993
2002-05-23,-16.352338046834163,-75.08623789999358,-14.501547838423361,22.18502546714101
2002-05-24,-15.881247134108524,-75.37176037769656,-15.540151043296389,20.23421149253089
2002-05-25,-16.542580955988743,-75.04910274744893,-15.188880739706988,20.93012403303171
2002-05-26,-16.184825304078217,-74.33837023349459,-15.927671094455121,21.46177977024693
2002-05-27,-14.89113610518835,-74.61825015208218,-16.20202413096111,19.112078205624634
2002-05-28,-13.585291605994751,-75.19762480173871,-15.577272099784809,19.75910505579781
2002-05-29,-12.843918535579867,-75.35721795805347,-14.119069320388506,19.503818076943833
2002-05-30,-12.769082570708509,-76.22783401831596,-14.499418720246297,18.17709638751147
2002-05-31,-12.635383212575043,-78.60506301878587,-14.98110012783036,18.764316469709676
2002-06-01,-10.744483138056268,-79.87219811077914,-14.135029438722201,17.229304273000924
2002-06-02,-11.697021792854226,-79.64134451610741,-15.735850164875586,18.24157610960081
2002-06-03,-12.044093678743321,-81.59157458682142,-15.309844357802124,18.220176906668954
2002-06-04,-10.568856293202742,-81.66922876165043,-15.250992967177185,17.76906755768679
2002-06-05,-10.432276234573035,-81.08620393205292,-15.025713163873485,16.980430605391
2002-06-06,-10.127450157717508,-81.23229349141832,-14.955558847933844,16.50993696971384
2002-06-07,-10.57644023908425,-81.77921370907201,-14.378132825270681,15.601773205777771
2002-06-08,-12.10798290243729,-81.50508653332689,-13.013323684143103,17.07881357256393
2002-06-09,-11.534787244882104,-80.9271864686813,-13.843915347661783,18.903161536210185
2002-06-10,-10.828786760489626,-80.90465053243103,-13.06972464794321,19.38735850527246
2002-06-11,-10.988400950287957,-81.72559913921378,-13.395202427730023,19.0065721293498
2002-06-12,-11.577321067328146,-80.99148892754182,-14.609221418134261,19.077538976738953
2002-06-13,-11.38599445569086,-80.25201230212846,-13.891132417738207,20.607709281702338
2002-06-14,-12.148897267114537,-79.69704208817716,-12.3918899675853,21.486258986391377
2002-06-15,-12.303525874009035,-80.74010684174814,-11.219137110123881,23.076605729800622
2002-06-16,-13.903547631371895,-81.77454823441583,-11.104759309581784,23.54035544625668
2002-06-17,-15.26901314274987,-82.99771394636377,-11.740950791003886,23.65175880462605
2002-06-18,-14.42189769577234,-84.31219250797122,-10.734861136251011,23.449373479979087
2002-06-19,-14.415360987716214,-84.38610082292224,-11.34054790324881,25.091980388866123
2002-06-20,-12.423790891691255,-84.29821106041912,-10.81782080846038,25.053880035799416
2002-06-21,-10.392658345244264,-84.51783424477205,-10.287837663821307,25.076011974624848
2002-06-22,-11.357807762663374,-82.3985076334377,-10.601606368845902,25.77845747436625
2002-06-23,-10.712851079606631,-81.82601241945402,-10.501185831535985,25.94946162841498
2002-06-24,-11.401884287129732,-82.51828894414575,-10.573862873837445,25.139053216822543
2002-06-25,-10.704672751207644,-82.227925196287,-9.26670360324546,24.209563433944975
2002-06-26,-11.129844130393366,-82.05699598816939,-8.505022559750005,23.34833828097672
2002-06-27,-10.861710953786472,-81.45773552956837,-7.778740633398372,22.525694003157746
2002-06-28,-9.939315991328915,-80.76131385842496,-6.378295500992815,22.523950671608382
2002-06-29,-9.293869033641615,-81.00426713999634,-7.388793995380252,20.65672129461941
2002-06-30,-9.540683218015543,-81.46572588817766,-8.257375507716569,20.436343678774943
2002-07-01,-10.287717530309829,-82.4119642689079,-7.409164776774686,21.794686121881753
2002-07-02,-10.115154297610468,-82.32163978143605,-8.004451082402218,24.165068680255136
2002-07-03,-9.392332365301439,-81.67665498248839,-9.436313108198831,24.541997136332256
2002-07-04,-10.77731936829154,-82.87916692723388,-8.886348848704438,25.252544245499937
2002-07-05,-9.108407765445495,-82.8389918323058,-10.972199544465079,24.904530966830066
2002-07-06,-11.219438681073783,-83.07548075769414,-10.980414898243074,23.45459141422997
2002-07-07,-10.215472377642465,-83.73902015193947,-10.390498167804898,23.895393165821556
2002-07-08,-10.23480617917306,-83.68957539460483,-10.659581310835117,23.54449186143024
2002-07-09,-10.216998333526018,-84.097585394411,-10.707495551947051,24.803700482508468
2002-07-10,-9.647872949009521,-83.39360957742588,-11.345710414766067,25.625502579600695
2002-07-11,-10.225723025125005,-82.96931665933019,-10.466351293077372,25.698856016945047
2002-07-12,-8.990116086571222,-83.68448372318552,-10.397186242737197,26.4607746742561
2002-07-13,-7.893520334913476,-83.51789476476182,-9.401171321770128,26.213311520139907
2002-07-14,-7.957654942673266,-82.93748695915126,-10.05062456800324,27.622756841723863
2002-07-15,-7.662673285047157,-82.99132375791937,-8.601527608304437,28.76601695620967
2002-07-16,-7.135461241766302,-83.60443993033336,-6.964026024851566,29.70662989210486
2002-07-17,-7.441933242275827,-83.97844632271733,-7.530877985570882,30.320569903583078
2002-07-18,-6.446898365170275,-85.05459170421909,-7.0623161479326075,30.63148279147946
2002-07-19,-7.375566554879484,-84.99682623863708,-5.527268317092626,30.925159189840777
2002-07-20,-7.586172301830381,-84.33752541014893,-5.67046074208138,30.4420466125909
2002-07-21,-6.8466812984827605,-83.17928423285673,-3.777948551028972,31.599885968480585
2002-07-22,-5.9703800585724265,-83.39610964188087,-4.174750628456129,31.608508989658443
2002-07-23,-5.5308543107598,-81.92551981570827,-2.60287853821521,31.87160024744032
2002-07-24,-5.62204052009616,-81.72923966029265,-1.9030398660382448,31.607221330461435
2002-07-25,-4.963433923236449,-81.38426821897461,-3.0009810499998295,32.483964676118724
2002-07-26,-4.345173011581519,-81.6905479528931,-3.8656052918159975,31.04563518891565
2002-07-27,-4.659844588494188,-81.24325821276705,-2.628024545234251,30.865108756285565
2002-07-28,-4.98690872640066,-81.63655016940318,-3.779122204130733,31.039294604824846
2002-07-29,-5.919741533576184,-79.83849756577025,-3.44066536376421,29.283608203876483
2002-07-30,-7.302613195769224,-81.45105079746338,-4.746184996514907,28.00849344302307
2002-07-31,-6.539239015152758,-80.49489181174329,-4.66211240742256,26.19272016700354
2002-08-01,-7.680495590988937,-83.55700753545032,-3.7919181791103553,26.065551155894354
2002-08-02,-6.817878933933716,-82.46902755436489,-4.029167334993396,27.55673235015248
2002-08-03,-5.172724730064088,-82.58034974350666,-5.779284305997183,29.43531366250723
2002-08-04,-4.620842310511522,-83.35955642883127,-6.320062606757054,28.494591517652267
2002-08-05,-3.0189234972619063,-83.77759501664653,-6.151069003985782,29.705165214654993
2002-08-06,-4.204658780335643,-84.06510316836398,-6.2370597337981755,30.50417047094175
2002-08-07,-4.638058118044329,-84.49308339512507,-7.228491562410743,32.78380848193234
2002-08-08,-5.590361625814471,-83.44692119668791,-7.460948729178277,32.68660389901794
2002-08-09,-5.683354823595592,-83.69107109338394,-8.145684057146951,32.68256349374227
2002-08-10,-6.016067638155068,-82.66914697625926,-10.486034466433138,31.647291777157356
2002-08-11,-6.172915097159915,-84.59783073949471,-10.157394171936906,30.482658174277866
2002-08-12,-6.297517570214946,-85.51065129502166,-10.620519745060106,31.738843751292343
2002-08-13,-6.326728059828591,-84.33298606832527,-12.433754641247333,30.517027408295853
2002-08-14,-6.652692881973567,-82.77909533814466,-13.807982309062144,30.55204806944455
2002-08-15,-5.821490624620269,-81.46664228611314,-14.315955185100105,32.27760579961396
2002-08-16,-3.949355721835623,-83.49173729771023,-12.07432879692552,32.90546359497144
2002-08-17,-4.7297857249339605,-82.28016851790662,-11.827174329314568,31.393095522236916
2002-08-18,-5.632783253461032,-80.89155893933278,-10.809903982012058,32.37637695059095
2002-08-19,-3.3389306237414456,-81.34371040755713,-9.156769339250616,32.285757026135336
2002-08-20,-1.307664346551059,-81.04894397823725,-10.450032800674697,32.93062459761587
2002-08-21,-2.649221326651153,-80.3858929259506,-11.45879517025736,33.333759952424785
2002-08-22,-2.308309813891769,-78.69403159868479,-11.473042664303899,34.45702164496444
2002-08-23,-2.1360463273198045,-78.21759253992707,-11.551729308689103,34.58076632819502
2002-08-24,-1.9373144706122607,-77.46818077497367,-11.411545932027767,35.34519925487077
2002-08-25,-0.22117359492190314,-77.3432455370824,-10.345143491684352,35.799618310461774
2002-08-26,-0.28141211043023884,-74.95312044839851,-9.970364201837725,34.485317767789574
2002-08-27,-1.1620048902476465,-74.64237181094072,-10.913150420693801,35.253320434582186
2002-08-28,-1.9189298583497472,-75.15628852365181,-11.39057653965876,35.109210197851766
2002-08-29,-1.2082646805435324,-74.62253293743275,-11.965667537994975,34.302716286856466
2002-08-30,-0.030385840793187846,-74.51871230411706,-11.58195482183555,33.04623977280747
2002-08-31,0.699604131813015,-73.91587170695317,-11.053975448815622,33.06709366569746
2002-09-01,1.7135990895040947,-74.64384244961734,-10.716052510963799,33.42747391216678
2002-09-02,1.3370556634565496,-73.58161677217954,-9.17524661059808,33.27410014498744
2002-09-03,0.5202993947031853,-73.01165204298397,-9.240313510565503,32.647319486534535
2002-09-04,-0.5715558141878123,-72.90415863960821,-6.032600727526502,33.2634820196602
2002-09-05,-0.3970920460633054,-72.26472138014519,-6.302056235446572,33.98437985683832
2002-09-06,-1.9806183314142616,-71.94205548387808,-5.5920090615750455,35.60814214275431
2002-09-07,-2.197565288936011,-72.07366995321738,-6.276008338367601,34.27036330494202
2002-09-08,-2.1123723186433745,-73.18482043449501,-6.350972874606666,34.5495145120402
2002-09-09,-1.9544375252125956,-72.20465517578666,-6.258167835917831,34.20961879718807
2002-09-10,-0.5759511958889725,-72.24644910770819,-6.520357628259146,34.49432334776919
2002-09-11,0.39814821992677996,-70.67629246466358,-5.872144123886863,36.038446548037506
2002-09-12,0.41813979745362406,-69.98526265646794,-7.831303405940538,34.400529337854636
2002-09-13,0.11991103886556609,-70.39966963768018,-7.213798763194509,35.52117668644898
2002-09-14,-0.7803128143705254,-69.30500759942221,-8.038980430913837,35.602132758311825
2002-09-15,-1.1026817081125362,-66.89010029528865,-8.569348908546884,34.20070475257958
2002-09-16,0.16051551431919653,-66.57613907089704,-8.316987804246077,35.240909601755824
2002-09-17,-1.117020557371558,-65.68153306762778,-7.449800640979334,33.49513919794052
2002-09-18,-1.682117392138932,-66.21466489712279,-6.073130675650898,32.5666357047173
2002-09-19,-2.5457860370468994,-63.546742464155265,-6.410699629106589,31.794640223426757
2002-09-20,-0.6861927971654858,-63.491824356923956,-6.165212908898781,32.60711122317602
2002-09-21,-1.0239443165560194,-63.296532824992525,-4.8576602985715045,32.062568852590545
2002-09-22,-1.2645954284543834,-63.19757761052676,-5.249015698301503,31.013985515245505
2002-09-23,2.2083866544124873,-63.57430656252159,-4.684488702653827,31.86314743909765
2002-09-24,0.5653774157064089,-62.95589338911434,-4.227239309015696,31.64651077903452
2002-09-25,-2.235154095236095,-64.17890908306737,-3.042585238971379,33.16385961234786
2002-09-26,-4.195121751178579,-66.03584693045107,-3.614699989657226,34.83214681243604
